entry_index,timestamp,symbol,side,entry_price,source_close,proxy_bid,proxy_ask,spread_pct,signal_score_pct,threshold_pct,ari_threshold_pct,theo_threshold_pct,ari_clears,theo_clears,consistent,admission_score,required_score,mfe_240m_points,mae_240m_points,return_60m_points,mfe_60m_points,mae_60m_points,return_120m_points,mfe_120m_points,mae_120m_points,return_180m_points,mfe_180m_points,mae_180m_points,return_240m_points
18,2026-04-19T23:40:00+00:00,XAUUSD,Sell,4770.723075,4771.200195,4770.723075,4771.677315,0.0002,-0.004029,0.0036,0.0036,0.0005,True,True,True,55,45,14.723075,-108.877022,-13.276925,14.723075,-17.47712,-55.377022,14.723075,-60.576729,-44.676827,14.723075,-63.776925,-47.676827
19,2026-04-19T23:45:00+00:00,XAUUSD,Sell,4763.323425,4763.799805,4763.323425,4764.276185,0.0002,-0.005324,0.0036,0.0036,0.0005,True,True,True,55,45,-0.376771,-116.276673,-20.876771,-0.376771,-24.876771,-66.876771,-0.376771,-70.876771,-49.97638,-0.376771,-71.176575,-54.076478
20,2026-04-19T23:50:00+00:00,XAUUSD,Sell,4771.622888,4772.100098,4771.622888,4772.577308,0.0002,-0.004007,0.0036,0.0036,0.0005,True,True,True,55,45,7.422692,-107.97721,-11.377112,7.422692,-16.577308,-60.97721,7.422692,-62.877112,-36.47721,7.422692,-107.97721,-45.077308
34,2026-04-20T01:00:00+00:00,XAUUSD,Buy,4807.380592,4806.899902,4806.419212,4807.380592,0.0002,0.004787,0.0036,0.0036,0.0005,True,True,True,55,45,72.219505,-6.48069,16.819603,27.119408,-6.48069,7.419212,72.219505,-6.48069,8.219505,72.219505,-6.48069,23.51931
35,2026-04-20T01:05:00+00:00,XAUUSD,Buy,4808.180965,4807.700195,4807.219425,4808.180965,0.0002,0.004912,0.0036,0.0036,0.0005,True,True,True,55,45,71.419132,-3.580868,14.419132,26.319035,-2.281063,4.01923,71.419132,-3.580868,7.51923,71.419132,-3.580868,21.919132
36,2026-04-20T01:10:00+00:00,XAUUSD,Buy,4813.381192,4812.899902,4812.418612,4813.381192,0.0002,0.006251,0.0036,0.0036,0.0005,True,True,True,65,45,66.218905,-8.781095,6.918612,21.118808,-5.381192,-1.98129,66.218905,-8.781095,-2.680997,66.218905,-8.781095,14.218905
37,2026-04-20T01:15:00+00:00,XAUUSD,Buy,4812.181365,4811.700195,4811.219025,4812.181365,0.0002,0.004111,0.0036,0.0036,0.0005,True,True,True,55,45,67.418732,-7.581268,8.418732,22.318635,-1.081268,-0.881561,67.418732,-7.581268,0.51883,67.418732,-7.581268,18.418732
81,2026-04-20T11:50:00+00:00,XAUUSD,Buy,4827.182865,4826.700195,4826.217525,4827.182865,0.0002,0.00391,0.0036,0.0036,0.0005,True,True,True,55,45,20.717037,-15.282963,-3.782963,15.717037,-8.383061,14.616939,20.116939,-8.383061,1.717037,20.717037,-15.282963,-11.782963
82,2026-04-20T11:55:00+00:00,XAUUSD,Buy,4831.382992,4830.899902,4830.416812,4831.382992,0.0002,0.004366,0.0036,0.0036,0.0005,True,True,True,55,45,16.51691,-19.48309,-8.083188,11.51691,-12.583188,7.416812,15.916812,-12.583188,-6.48309,16.51691,-19.48309,-11.48309
83,2026-04-20T12:00:00+00:00,XAUUSD,Buy,4830.583108,4830.100098,4829.617088,4830.583108,0.0002,0.003991,0.0036,0.0036,0.0005,True,True,True,55,45,17.316795,-18.683205,-7.083108,12.316795,-11.783303,7.117088,16.716697,-11.783303,-12.583108,17.316795,-18.683205,-15.683205
378,2026-04-21T13:40:00+00:00,XAUUSD,Buy,4808.880742,4808.399902,4807.919062,4808.880742,0.0002,0.004156,0.0036,0.0036,0.0005,True,True,True,55,45,4.919062,-93.880742,-46.080938,4.919062,-47.680547,-44.680547,4.919062,-67.98084,-68.880742,4.919062,-71.280645,-71.48084
390,2026-04-21T14:40:00+00:00,XAUUSD,Sell,4762.323525,4762.799805,4762.323525,4763.276085,0.0002,-0.005928,0.0036,0.0036,0.0005,True,True,True,65,45,50.323525,-14.276573,-1.876671,21.423622,-14.276573,22.323525,24.723427,-14.276573,24.923622,47.323525,-14.276573,39.923622
391,2026-04-21T14:45:00+00:00,XAUUSD,Sell,4745.425312,4745.899902,4745.425312,4746.374492,0.0002,-0.009744,0.0036,0.0036,0.0005,True,True,True,75,45,33.425312,-31.174785,-19.274883,4.52541,-31.174785,4.825215,8.325215,-31.174785,14.02541,30.425312,-31.174785,24.52541
392,2026-04-21T14:50:00+00:00,XAUUSD,Sell,4756.724475,4757.200195,4756.724475,4757.675915,0.0002,-0.00608,0.0036,0.0036,0.0005,True,True,True,65,45,44.724475,-19.875622,-2.675427,10.824573,-19.875622,28.52428,30.324573,-19.875622,29.624378,41.724475,-19.875622,28.624378
450,2026-04-21T19:40:00+00:00,XAUUSD,Sell,4689.930862,4690.399902,4689.930862,4690.868942,0.0002,-0.009084,0.0036,0.0036,0.0005,True,True,True,75,45,1.53096,-76.069138,-40.368942,1.53096,-42.868942,-45.569138,1.53096,-58.169235,-59.868942,1.53096,-62.069138,-69.96904
451,2026-04-21T19:45:00+00:00,XAUUSD,Sell,4700.230125,4700.700195,4700.230125,4701.170265,0.0002,-0.006803,0.0036,0.0036,0.0005,True,True,True,65,45,11.830223,-65.769875,-31.769875,11.830223,-32.569679,-34.569679,11.830223,-47.869972,-55.869972,11.830223,-56.169777,-61.269875
452,2026-04-21T19:50:00+00:00,XAUUSD,Sell,4698.03015,4698.5,4698.03015,4698.96985,0.0002,-0.006492,0.0036,0.0036,0.0005,True,True,True,65,45,9.630248,-67.96985,-37.46985,9.630248,-39.269655,-38.96985,9.630248,-50.069948,-58.769655,9.630248,-60.369752,-59.96985
453,2026-04-21T19:55:00+00:00,XAUUSD,Sell,4697.829975,4698.299805,4697.829975,4698.769635,0.0002,-0.004555,0.0036,0.0036,0.0005,True,True,True,55,45,9.430072,-68.170025,-40.670025,9.430072,-41.770123,-39.770123,9.430072,-50.270123,-57.96983,9.430072,-60.569928,-59.870221
457,2026-04-21T20:15:00+00:00,XAUUSD,Buy,4722.772035,4722.299805,4721.827575,4722.772035,0.0002,0.005108,0.0036,0.0036,0.0005,True,True,True,55,45,43.227965,-1.171937,16.02777,25.328063,-1.171937,26.627868,28.02777,-1.171937,39.02777,43.227965,-1.171937,35.627868
458,2026-04-21T20:20:00+00:00,XAUUSD,Buy,4729.072958,4728.600098,4728.127238,4729.072958,0.0002,0.006878,0.0036,0.0036,0.0005,True,True,True,65,45,38.326945,-4.872762,6.927042,19.02714,-4.872762,21.127238,22.02714,-4.872762,31.02714,36.927042,-4.872762,34.627238
459,2026-04-21T20:25:00+00:00,XAUUSD,Buy,4725.072558,4724.600098,4724.127638,4725.072558,0.0002,0.00517,0.0036,0.0036,0.0005,True,True,True,55,45,42.327345,-0.772753,11.927442,23.02754,-0.772753,22.927442,26.02754,-0.772753,35.52754,40.927442,-0.772753,39.02754
768,2026-04-23T00:10:00+00:00,XAUUSD,Sell,4715.728575,4716.200195,4715.728575,4716.671815,0.0002,-0.005986,0.0036,0.0036,0.0005,True,True,True,65,45,5.328673,-55.571229,-38.97162,5.328673,-55.571229,-7.871522,5.328673,-55.571229,-2.171327,5.328673,-55.571229,-6.371522
771,2026-04-23T00:25:00+00:00,XAUUSD,Buy,4759.176065,4758.700195,4758.224325,4759.176065,0.0002,0.005387,0.0036,0.0036,0.0005,True,False,True,55,45,12.123739,-45.276163,-14.075968,12.123739,-15.575968,-29.376261,12.123739,-38.176065,-39.97587,12.123739,-45.276163,-37.876261
772,2026-04-23T00:30:00+00:00,XAUUSD,Buy,4764.376292,4763.899902,4763.423512,4764.376292,0.0002,0.010114,0.0036,0.0036,0.0005,True,True,True,75,45,6.923512,-50.47639,-18.47639,6.923512,-21.676097,-35.47639,6.923512,-43.376292,-45.176097,6.923512,-50.47639,-42.776195
773,2026-04-23T00:35:00+00:00,XAUUSD,Buy,4763.4763,4763.0,4762.5237,4763.4763,0.0002,0.005043,0.0036,0.0036,0.0005,True,True,True,55,45,7.823505,-49.576398,-14.176495,7.823505,-20.776105,-36.076398,7.823505,-42.4763,-44.9763,7.823505,-49.576398,-44.776105
791,2026-04-23T02:05:00+00:00,XAUUSD,Sell,4730.227125,4730.700195,4730.227125,4731.173265,0.0002,-0.004189,0.0036,0.0036,0.0005,True,True,True,55,45,24.52693,-3.97307,10.327223,16.227125,-3.97307,10.327223,16.327223,-3.97307,4.827223,16.327223,-3.97307,0.827223
792,2026-04-23T02:10:00+00:00,XAUUSD,Sell,4723.127738,4723.600098,4723.127738,4724.072458,0.0002,-0.003649,0.0036,0.0036,0.0005,True,True,True,55,45,17.427542,-11.072458,5.227835,9.127738,-11.072458,1.02764,9.227835,-11.072458,-0.572458,9.227835,-11.072458,-5.072458
908,2026-04-23T11:50:00+00:00,XAUUSD,Buy,4731.873042,4731.399902,4730.926762,4731.873042,0.0002,0.003734,0.0036,0.0036,0.0005,True,True,True,55,45,29.827153,-1.172847,23.126958,28.02686,-1.172847,21.327153,29.827153,-1.172847,20.426762,29.827153,-1.172847,2.227055
909,2026-04-23T11:55:00+00:00,XAUUSD,Buy,4737.873642,4737.399902,4736.926162,4737.873642,0.0002,0.004005,0.0036,0.0036,0.0005,True,True,True,55,45,23.826553,-4.573838,19.826553,23.826553,-1.573838,4.126358,23.826553,-1.573838,12.726455,23.826553,-3.97374,-0.573838
910,2026-04-23T12:00:00+00:00,XAUUSD,Buy,4748.274585,4747.799805,4747.325025,4748.274585,0.0002,0.005506,0.0036,0.0036,0.0005,True,True,True,65,45,13.425611,-14.97478,2.325513,13.425611,-5.47478,-7.674487,13.425611,-14.374682,2.125318,13.425611,-14.374682,-13.774585
911,2026-04-23T12:05:00+00:00,XAUUSD,Buy,4747.374592,4746.899902,4746.425212,4747.374592,0.0002,0.005124,0.0036,0.0036,0.0005,True,True,True,55,45,14.325603,-14.874592,-2.774495,14.325603,-4.574788,-8.774495,14.325603,-13.47469,-1.874592,14.325603,-13.47469,-10.374592
971,2026-04-23T17:05:00+00:00,XAUUSD,Sell,4726.827075,4727.299805,4726.827075,4727.772535,0.0002,-0.005198,0.0036,0.0036,0.0005,True,True,True,55,45,46.726977,-11.873121,0.226977,46.726977,-11.873121,14.726977,46.726977,-11.873121,13.827075,46.726977,-11.873121,13.827075
972,2026-04-23T17:10:00+00:00,XAUUSD,Sell,4732.126838,4732.600098,4732.126838,4733.073358,0.0002,-0.00381,0.0036,0.0036,0.0005,True,True,True,55,45,52.02674,-6.573358,1.926642,52.02674,-6.573358,19.226935,52.02674,-6.573358,25.126838,52.02674,-6.573358,19.327033
973,2026-04-23T17:15:00+00:00,XAUUSD,Sell,4725.227625,4725.700195,4725.227625,4726.172765,0.0002,-0.005074,0.0036,0.0036,0.0005,True,True,True,55,45,45.127528,-13.47257,-4.872472,45.127528,-13.47257,9.927821,45.127528,-13.47257,17.827723,45.127528,-13.47257,16.127528
974,2026-04-23T17:20:00+00:00,XAUUSD,Sell,4723.727775,4724.200195,4723.727775,4724.672615,0.0002,-0.003817,0.0036,0.0036,0.0005,True,True,True,55,45,43.627678,-14.97242,-5.172127,43.627678,-14.97242,6.02758,43.627678,-14.97242,15.127678,43.627678,-14.97242,13.227775
978,2026-04-23T17:40:00+00:00,XAUUSD,Sell,4693.03065,4693.5,4693.03065,4693.96935,0.0002,-0.006498,0.0036,0.0036,0.0005,True,False,True,65,45,12.930552,-45.669545,-34.769155,12.930552,-45.669545,-15.869252,12.930552,-45.669545,-14.269155,12.930552,-45.669545,-15.369252
982,2026-04-23T18:00:00+00:00,XAUUSD,Buy,4731.173265,4730.700195,4730.227125,4731.173265,0.0002,0.007926,0.0036,0.0036,0.0005,True,True,True,75,45,5.52693,-28.47307,-19.373461,5.52693,-21.573168,-17.173265,5.52693,-25.673265,-20.47307,5.52693,-28.47307,-22.073168
983,2026-04-23T18:05:00+00:00,XAUUSD,Buy,4727.072758,4726.600098,4726.127438,4727.072758,0.0002,0.005788,0.0036,0.0036,0.0005,True,True,True,65,45,9.627438,-24.372562,-14.97266,9.627438,-17.47266,-14.072758,9.627438,-21.572758,-14.072758,9.627438,-24.372562,-21.47266
984,2026-04-23T18:10:00+00:00,XAUUSD,Buy,4730.673215,4730.200195,4729.727175,4730.673215,0.0002,0.003777,0.0036,0.0036,0.0005,True,True,True,55,45,6.02698,-27.97302,-17.773313,6.02698,-21.97302,-23.673215,6.02698,-25.173215,-17.873411,6.02698,-27.97302,-26.073118
1175,2026-04-24T11:05:00+00:00,XAUUSD,Buy,4712.671415,4712.200195,4711.728975,4712.671415,0.0002,0.003706,0.0036,0.0036,0.0005,True,True,True,55,45,44.428682,-7.271513,8.828585,21.228487,-4.371611,3.328585,21.228487,-6.371611,32.128389,35.128389,-7.271513,28.628389
1176,2026-04-24T11:10:00+00:00,XAUUSD,Buy,4713.371192,4712.899902,4712.428612,4713.371192,0.0002,0.004347,0.0036,0.0036,0.0005,True,True,True,55,45,43.728905,-7.97129,11.428612,20.52871,-5.071388,5.52871,20.52871,-7.071388,34.628808,43.728905,-7.97129,25.228905
1177,2026-04-24T11:15:00+00:00,XAUUSD,Buy,4711.270885,4710.799805,4710.328725,4711.270885,0.0002,0.003793,0.0036,0.0036,0.0005,True,True,True,55,45,45.829213,-5.870982,10.229115,22.629018,-2.670787,7.02892,22.629018,-4.97108,36.629018,45.829213,-5.870982,26.929311
1178,2026-04-24T11:20:00+00:00,XAUUSD,Buy,4725.572608,4725.100098,4724.627588,4725.572608,0.0002,0.004293,0.0036,0.0036,0.0005,True,True,True,55,45,31.52749,-20.172705,-0.372412,8.327295,-8.072608,-13.372412,8.327295,-19.272803,19.427392,31.52749,-20.172705,12.627588
1179,2026-04-24T11:25:00+00:00,XAUUSD,Buy,4732.373092,4731.899902,4731.426712,4732.373092,0.0002,0.004181,0.0036,0.0036,0.0005,True,True,True,55,45,24.727005,-26.97319,-6.373092,1.52681,-14.873092,-19.272995,1.52681,-26.073288,9.327103,24.727005,-26.97319,6.227005
1195,2026-04-24T12:45:00+00:00,XAUUSD,Sell,4707.02925,4707.5,4707.02925,4707.97075,0.0002,-0.003915,0.0036,0.0036,0.0005,True,True,True,55,45,1.629348,-50.070848,-21.570848,1.629348,-27.170945,-37.370652,1.629348,-50.070848,-33.870652,1.629348,-50.070848,-31.370652
1212,2026-04-24T14:10:00+00:00,XAUUSD,Buy,4748.4748,4748.0,4747.5252,4748.4748,0.0002,0.005485,0.0036,0.0036,0.0005,True,True,True,65,45,2.225395,-17.674995,-9.874702,2.225395,-12.874702,-11.274605,2.225395,-17.674995,-3.874702,2.225395,-17.674995,-8.174995
1213,2026-04-24T14:15:00+00:00,XAUUSD,Buy,4748.374692,4747.899902,4747.425112,4748.374692,0.0002,0.00423,0.0036,0.0036,0.0005,True,True,True,55,45,2.325503,-17.574888,-10.174497,2.325503,-12.774595,-10.97479,2.325503,-17.574888,-2.774595,2.325503,-17.574888,-10.674497
1293,2026-04-24T20:55:00+00:00,XAUUSD,Buy,4741.373992,4740.899902,4740.425812,4741.373992,0.0002,0.003769,0.0036,0.0036,0.0005,True,True,True,55,45,-16.574188,-54.773895,-43.273895,-37.373992,-49.173797,-50.773895,-37.373992,-54.773895,-28.574188,-16.574188,-54.773895,-27.97409
1297,2026-04-26T22:25:00+00:00,XAUUSD,Sell,4701.230025,4701.700195,4701.230025,4702.170365,0.0002,-0.008268,0.0036,0.0036,0.0005,True,True,False,55,45,14.629928,-23.569779,9.129928,9.930221,-0.569779,5.730025,14.629928,-0.569779,-11.669877,14.629928,-23.569779,-19.169877
1327,2026-04-27T00:55:00+00:00,XAUUSD,Buy,4713.071358,4712.600098,4712.128838,4713.071358,0.0002,0.003963,0.0036,0.0036,0.0005,True,True,True,55,45,32.728447,-7.571358,4.02874,11.728447,-7.571358,19.828545,25.228447,-7.571358,26.728447,31.728447,-7.571358,27.428642
1328,2026-04-27T01:00:00+00:00,XAUUSD,Buy,4723.172465,4722.700195,4722.227925,4723.172465,0.0002,0.005814,0.0036,0.0036,0.0005,True,True,True,65,45,22.627339,-17.672465,-6.272563,0.52773,-17.672465,11.627339,15.127339,-17.672465,18.627339,21.627339,-17.672465,13.927632
1496,2026-04-27T15:00:00+00:00,XAUUSD,Sell,4682.931562,4683.399902,4682.931562,4683.868242,0.0002,-0.005331,0.0036,0.0036,0.0005,True,True,True,55,45,1.731367,-17.96834,-2.368242,1.731367,-14.168535,-5.868242,1.731367,-14.168535,-12.068438,1.731367,-17.96834,-11.168535
1497,2026-04-27T15:05:00+00:00,XAUUSD,Sell,4684.5315,4685.0,4684.5315,4685.4685,0.0002,-0.004526,0.0036,0.0036,0.0005,True,True,True,55,45,3.331305,-16.368402,-2.668695,3.331305,-12.568598,-3.4685,3.331305,-12.568598,-11.9685,3.331305,-16.368402,-9.668695
1615,2026-04-28T01:55:00+00:00,XAUUSD,Sell,4684.231725,4684.700195,4684.231725,4685.168665,0.0002,-0.004293,0.0036,0.0036,0.0005,True,True,True,55,45,46.231725,-9.768275,1.231725,4.331823,-9.768275,-1.368372,4.331823,-9.768275,2.931921,4.53153,-9.768275,37.631628
1660,2026-04-28T05:40:00+00:00,XAUUSD,Sell,4638.335925,4638.799805,4638.335925,4639.263685,0.0002,-0.007276,0.0036,0.0036,0.0005,True,True,True,75,45,16.835925,-18.563978,-4.96388,1.835925,-18.563978,-4.96388,1.835925,-18.563978,-3.563978,10.03612,-18.563978,10.936022
1661,2026-04-28T05:45:00+00:00,XAUUSD,Sell,4641.435712,4641.899902,4641.435712,4642.364092,0.0002,-0.006485,0.0036,0.0036,0.0005,True,True,True,65,45,19.935712,-15.46419,2.235517,4.935712,-15.46419,-0.864092,4.935712,-15.46419,1.435712,13.135908,-15.46419,17.135908
1731,2026-04-28T11:35:00+00:00,XAUUSD,Sell,4582.841475,4583.299805,4582.841475,4583.758135,0.0002,-0.005943,0.0036,0.0036,0.0005,True,False,True,65,45,15.241377,-30.95833,-14.158525,15.241377,-28.258623,-10.158525,15.241377,-30.95833,9.54167,15.241377,-30.95833,-9.658525
1732,2026-04-28T11:40:00+00:00,XAUUSD,Sell,4584.641588,4585.100098,4584.641588,4585.558608,0.0002,-0.006479,0.0036,0.0036,0.0005,True,True,True,65,45,17.04149,-29.158217,-15.358412,17.04149,-26.45851,-10.058608,17.04149,-29.158217,7.241685,17.04149,-29.158217,-6.95851
1733,2026-04-28T11:45:00+00:00,XAUUSD,Sell,4571.243025,4571.700195,4571.243025,4572.157365,0.0002,-0.008974,0.0036,0.0036,0.0005,True,True,True,75,45,3.642928,-42.556779,-41.357072,3.642928,-41.45717,-27.656877,3.642928,-42.556779,-4.756975,3.642928,-42.556779,-24.357072
1734,2026-04-28T11:50:00+00:00,XAUUSD,Sell,4571.642888,4572.100098,4571.642888,4572.557308,0.0002,-0.006929,0.0036,0.0036,0.0005,True,True,False,45,45,4.04279,-42.156917,-36.656917,4.04279,-42.156917,-22.45721,4.04279,-42.156917,-5.757015,4.04279,-42.156917,-25.757015
1738,2026-04-28T12:10:00+00:00,XAUUSD,Buy,4595.259285,4594.799805,4594.340325,4595.259285,0.0002,0.004965,0.0036,0.0036,0.0005,True,True,True,55,45,18.54052,-25.259285,-5.859382,18.54052,-11.95948,-13.559089,18.54052,-18.759285,-8.659187,18.54052,-25.259285,4.04052
1739,2026-04-28T12:15:00+00:00,XAUUSD,Buy,4592.759035,4592.299805,4591.840575,4592.759035,0.0002,0.003737,0.0036,0.0036,0.0005,True,True,True,55,45,21.04077,-22.759035,-2.158937,21.04077,-9.45923,-7.859132,21.04077,-16.759035,-6.45923,21.04077,-22.759035,1.54077
1745,2026-04-28T12:45:00+00:00,XAUUSD,Buy,4613.061358,4612.600098,4612.138838,4613.061358,0.0002,0.00418,0.0036,0.0036,0.0005,True,True,True,55,45,0.738447,-43.061358,-14.161455,0.738447,-29.361162,-37.061358,0.738447,-43.061358,-17.46126,0.738447,-43.061358,-12.561358
1749,2026-04-28T13:05:00+00:00,XAUUSD,Sell,4585.441312,4585.899902,4585.441312,4586.358492,0.0002,-0.005789,0.0036,0.0036,0.0005,True,True,True,65,45,15.441312,-23.358492,3.04141,8.941312,-20.858492,-0.758883,15.441312,-20.858492,-13.658785,15.441312,-20.858492,-20.058688
1750,2026-04-28T13:10:00+00:00,XAUUSD,Sell,4588.940962,4589.399902,4588.940962,4589.858842,0.0002,-0.004101,0.0036,0.0036,0.0005,True,True,True,55,45,18.940962,-19.95894,7.240767,12.440962,-17.358842,2.340865,18.940962,-17.358842,-10.358842,18.940962,-17.358842,-18.559038
1869,2026-04-29T00:05:00+00:00,XAUUSD,Buy,4623.162465,4622.700195,4622.237925,4623.162465,0.0002,0.00428,0.0036,0.0036,0.0005,True,True,True,55,45,1.137339,-34.062368,-27.96227,1.137339,-34.062368,-10.862661,1.137339,-34.062368,-9.862661,1.137339,-34.062368,-9.762563
1880,2026-04-29T01:00:00+00:00,XAUUSD,Sell,4595.840175,4596.299805,4595.840175,4596.759435,0.0002,-0.00457,0.0036,0.0036,0.0005,True,True,True,55,45,6.740077,-25.45963,-9.95963,6.740077,-13.45963,-14.45963,6.740077,-21.860021,-15.759923,6.740077,-21.860021,-22.360021
1881,2026-04-29T01:05:00+00:00,XAUUSD,Sell,4594.740675,4595.200195,4594.740675,4595.659715,0.0002,-0.004031,0.0036,0.0036,0.0005,True,True,True,55,45,2.54048,-26.559129,-17.559129,2.54048,-20.259325,-18.559129,2.54048,-22.95952,-18.659227,2.54048,-22.95952,-21.259325
1894,2026-04-29T02:10:00+00:00,XAUUSD,Buy,4615.261285,4614.799805,4614.338325,4615.261285,0.0002,0.004178,0.0036,0.0036,0.0005,True,True,True,55,45,6.03852,-14.061089,0.238715,2.438911,-9.761285,-0.96148,2.438911,-9.761285,-0.761285,6.03852,-9.761285,-12.561089
1895,2026-04-29T02:15:00+00:00,XAUUSD,Buy,4615.261285,4614.799805,4614.338325,4615.261285,0.0002,0.003632,0.0036,0.0036,0.0005,True,True,True,55,45,6.03852,-17.061089,-1.861382,1.53852,-9.761285,-2.161187,1.838813,-9.761285,-1.261285,6.03852,-9.761285,-14.861382
1991,2026-04-29T10:15:00+00:00,XAUUSD,Buy,4585.258285,4584.799805,4584.341325,4585.258285,0.0002,0.003612,0.0036,0.0036,0.0005,True,True,True,55,45,4.241715,-63.058089,-4.658187,4.241715,-8.558089,-6.358382,4.241715,-13.358382,-28.658187,4.241715,-32.358382,-38.358382
2031,2026-04-29T13:35:00+00:00,XAUUSD,Sell,4537.646288,4538.100098,4537.646288,4538.553908,0.0002,-0.00406,0.0036,0.0036,0.0005,True,True,True,55,45,15.446092,-40.653517,-16.853712,15.446092,-18.753615,-26.253615,15.446092,-27.753615,-26.353712,15.446092,-40.653517,-21.553908
2032,2026-04-29T13:40:00+00:00,XAUUSD,Sell,4526.747475,4527.200195,4526.747475,4527.652915,0.0002,-0.00523,0.0036,0.0036,0.0005,True,True,True,55,45,4.54728,-51.552329,-24.45272,4.54728,-29.652427,-39.052329,4.54728,-42.852622,-37.152427,4.54728,-51.552329,-32.252525
2033,2026-04-29T13:45:00+00:00,XAUUSD,Sell,4526.647388,4527.100098,4526.647388,4527.552808,0.0002,-0.005208,0.0036,0.0036,0.0005,True,True,True,55,45,0.04729,-51.652417,-18.95271,0.04729,-29.752515,-40.552808,0.04729,-45.352612,-33.45271,0.04729,-51.652417,-30.45271
2086,2026-04-29T18:10:00+00:00,XAUUSD,Sell,4539.146138,4539.600098,4539.146138,4540.054058,0.0002,-0.003949,0.0036,0.0036,0.0005,True,False,True,55,45,7.146138,-28.153667,-22.95396,7.146138,-24.153667,-20.353862,7.146138,-28.153667,-19.353862,7.146138,-28.153667,-25.853862
2096,2026-04-29T19:00:00+00:00,XAUUSD,Buy,4552.355092,4551.899902,4551.444712,4552.355092,0.0002,0.003837,0.0036,0.0036,0.0005,True,True,True,55,45,29.144908,-4.95519,8.745005,12.644908,-4.95519,-1.45519,14.944712,-4.95519,12.245005,14.944712,-4.95519,18.944712
2098,2026-04-29T19:10:00+00:00,XAUUSD,Buy,4562.556308,4562.100098,4561.643888,4562.556308,0.0002,0.00363,0.0036,0.0036,0.0005,True,True,True,55,45,18.943692,-11.756503,-3.056308,4.743497,-11.056308,-4.056308,4.743497,-11.756503,2.443692,4.743497,-11.756503,7.443692
2229,2026-04-30T07:05:00+00:00,XAUUSD,Buy,4607.4607,4607.0,4606.5393,4607.4607,0.0002,0.003682,0.0036,0.0036,0.0005,True,True,True,55,45,51.339105,-10.9607,23.939202,33.939202,-10.9607,24.439202,33.939202,-10.9607,30.139398,37.139398,-10.9607,49.839105
2240,2026-04-30T08:00:00+00:00,XAUUSD,Buy,4638.063858,4637.600098,4637.136338,4638.063858,0.0002,0.006336,0.0036,0.0036,0.0005,True,True,False,45,45,20.735947,-14.46376,-8.663955,3.336045,-14.46376,-2.46376,6.53624,-14.46376,15.836045,20.735947,-14.46376,10.636338
2269,2026-04-30T10:25:00+00:00,XAUUSD,Buy,4656.065658,4655.600098,4655.134538,4656.065658,0.0002,0.003881,0.0036,0.0036,0.0005,True,True,True,55,45,2.734147,-34.765853,-5.365462,2.734147,-13.265853,-12.165755,2.734147,-16.565658,-9.96556,2.734147,-21.065658,-20.665755
2568,2026-05-01T12:20:00+00:00,XAUUSD,Buy,4608.661015,4608.200195,4607.739375,4608.661015,0.0002,0.00414,0.0036,0.0036,0.0005,True,True,True,55,45,64.338985,-11.761113,-5.661015,10.638789,-11.060918,52.838985,64.338985,-11.761113,38.638789,64.338985,-11.761113,46.03918
2569,2026-05-01T12:25:00+00:00,XAUUSD,Buy,4614.661615,4614.200195,4613.738775,4614.661615,0.0002,0.00582,0.0036,0.0036,0.0005,True,True,True,65,45,58.338385,-17.761713,-14.46142,0.03858,-17.761713,41.638189,58.338385,-17.761713,32.638189,58.338385,-17.761713,34.338385
2586,2026-05-01T13:50:00+00:00,XAUUSD,Buy,4628.362692,4627.899902,4627.437112,4628.362692,0.0002,0.003926,0.0036,0.0036,0.0005,True,True,True,55,45,44.637308,-0.562888,14.437112,44.637308,-0.562888,28.437112,44.637308,-0.562888,24.337503,44.637308,-0.562888,13.737405
2587,2026-05-01T13:55:00+00:00,XAUUSD,Buy,4637.96375,4637.5,4637.03625,4637.96375,0.0002,0.005137,0.0036,0.0036,0.0005,True,True,True,55,45,35.03625,-7.563848,5.636348,35.03625,-2.163945,16.436152,35.03625,-7.563848,12.636348,35.03625,-7.563848,3.336055
2588,2026-05-01T14:00:00+00:00,XAUUSD,Buy,4647.064758,4646.600098,4646.135438,4647.064758,0.0002,0.005954,0.0036,0.0036,0.0005,True,False,True,65,45,25.935242,-16.664855,-9.564758,25.935242,-10.864562,7.735047,25.935242,-16.664855,3.03534,25.935242,-16.664855,-9.96466
2589,2026-05-01T14:05:00+00:00,XAUUSD,Buy,4646.764435,4646.299805,4645.835175,4646.764435,0.0002,0.007393,0.0036,0.0036,0.0005,True,True,True,75,45,26.235565,-16.364532,-8.664337,26.235565,-16.364532,3.335663,26.235565,-16.364532,3.835663,26.235565,-16.364532,-10.46463
2590,2026-05-01T14:10:00+00:00,XAUUSD,Buy,4668.4668,4668.0,4667.5332,4668.4668,0.0002,0.008665,0.0036,0.0036,0.0005,True,True,True,75,45,4.0332,-40.9668,-20.9668,4.0332,-38.066898,-14.866702,4.0332,-38.066898,-16.866702,4.0332,-38.066898,-40.9668
2591,2026-05-01T14:15:00+00:00,XAUUSD,Buy,4667.166865,4666.700195,4666.233525,4667.166865,0.0002,0.006297,0.0036,0.0036,0.0005,True,True,False,45,45,2.833135,-41.867061,-16.666865,2.833135,-36.766963,-8.766963,2.833135,-36.766963,-16.96667,2.833135,-36.766963,-36.96667
2671,2026-05-01T20:55:00+00:00,XAUUSD,Buy,4644.96445,4644.5,4644.03555,4644.96445,0.0002,0.004477,0.0036,0.0036,0.0005,True,True,True,55,45,-4.064548,-41.164645,-17.96445,-4.064548,-21.46445,-17.864352,-4.064548,-29.364352,-35.164645,-4.064548,-36.46445,-25.064548
2814,2026-05-04T10:00:00+00:00,XAUUSD,Sell,4570.243125,4570.700195,4570.243125,4571.157265,0.0002,-0.004747,0.0036,0.0036,0.0005,True,True,True,55,45,35.243125,-20.156777,-3.556679,35.243125,-11.556679,-3.556679,35.243125,-11.556679,-5.95707,35.243125,-20.156777,-0.856972
2815,2026-05-04T10:05:00+00:00,XAUUSD,Sell,4556.844075,4557.299805,4556.844075,4557.755535,0.0002,-0.007838,0.0036,0.0036,0.0005,True,True,True,75,45,21.844075,-33.555828,-20.555828,21.844075,-24.95573,-15.055828,21.844075,-24.95573,-27.45573,21.844075,-33.555828,-9.055828
2816,2026-05-04T10:10:00+00:00,XAUUSD,Sell,4551.5448,4552.0,4551.5448,4552.4552,0.0002,-0.008322,0.0036,0.0036,0.0005,True,True,True,75,45,16.5448,-38.855102,-24.255005,16.5448,-30.255005,-23.4552,16.5448,-30.255005,-25.4552,16.5448,-38.855102,-19.4552
2817,2026-05-04T10:15:00+00:00,XAUUSD,Sell,4547.844975,4548.299805,4547.844975,4548.754635,0.0002,-0.008221,0.0036,0.0036,0.0005,True,True,True,75,45,12.844975,-42.554928,-32.054928,12.844975,-33.95483,-36.45483,12.844975,-37.855221,-27.355221,12.844975,-42.554928,-36.255123
2818,2026-05-04T10:20:00+00:00,XAUUSD,Sell,4546.345125,4546.799805,4546.345125,4547.254485,0.0002,-0.005229,0.0036,0.0036,0.0005,True,True,True,55,45,-0.154875,-47.254973,-28.855071,-0.154875,-35.45468,-37.154875,-0.154875,-44.054778,-26.855071,-0.154875,-44.054778,-41.855071
2821,2026-05-04T10:35:00+00:00,XAUUSD,Buy,4571.95715,4571.5,4571.04285,4571.95715,0.0002,0.005101,0.0036,0.0036,0.0005,True,True,True,55,45,21.642948,-9.557248,-7.057248,9.842655,-9.557248,7.04285,18.442752,-9.557248,5.342655,18.442752,-9.557248,19.342655
2822,2026-05-04T10:40:00+00:00,XAUUSD,Buy,4569.256685,4568.799805,4568.342925,4569.256685,0.0002,0.004839,0.0036,0.0036,0.0005,True,True,True,55,45,25.443511,-6.856782,-5.256685,12.54312,-6.856782,11.54312,21.143218,-6.856782,7.04312,21.143218,-6.856782,16.943511
2823,2026-05-04T10:45:00+00:00,XAUUSD,Buy,4577.357592,4576.899902,4576.442212,4577.357592,0.0002,0.004676,0.0036,0.0036,0.0005,True,True,True,55,45,17.342603,-14.95769,-11.257495,4.442212,-14.95769,4.04231,13.04231,-14.95769,-4.95769,13.04231,-14.95769,4.842603
2866,2026-05-04T14:20:00+00:00,XAUUSD,Buy,4588.659015,4588.200195,4587.741375,4588.659015,0.0002,0.003741,0.0036,0.0036,0.0005,True,False,True,55,45,6.04118,-78.558918,-56.659015,6.04118,-64.359211,-57.359211,6.04118,-78.558918,-53.45882,6.04118,-78.558918,-64.359211
2867,2026-05-04T14:25:00+00:00,XAUUSD,Buy,4583.358192,4582.899902,4582.441612,4583.358192,0.0002,0.003723,0.0036,0.0036,0.0005,True,True,True,55,45,11.342003,-73.258095,-35.258095,11.342003,-59.058388,-57.95829,11.342003,-73.258095,-49.258095,11.342003,-73.258095,-61.358192
2873,2026-05-04T14:55:00+00:00,XAUUSD,Sell,4572.242925,4572.700195,4572.242925,4573.157465,0.0002,-0.004051,0.0036,0.0036,0.0005,True,True,True,55,45,62.142828,-5.656977,40.642828,51.642828,-5.656977,51.843023,62.142828,-5.656977,39.742925,62.142828,-5.656977,45.943121
2876,2026-05-04T15:10:00+00:00,XAUUSD,Sell,4559.144138,4559.600098,4559.144138,4560.056058,0.0002,-0.004802,0.0036,0.0036,0.0005,True,True,True,55,45,49.04404,-7.655667,39.54404,49.04404,-7.655667,26.744235,49.04404,-7.655667,29.04404,49.04404,-7.655667,30.443942
2877,2026-05-04T15:15:00+00:00,XAUUSD,Sell,4550.145038,4550.600098,4550.145038,4551.055158,0.0002,-0.004833,0.0036,0.0036,0.0005,True,True,True,55,45,40.04494,-3.654767,16.944842,40.04494,-3.654767,11.345233,40.04494,-3.654767,21.944842,40.04494,-3.654767,19.745135
2878,2026-05-04T15:20:00+00:00,XAUUSD,Sell,4531.5468,4532.0,4531.5468,4532.4532,0.0002,-0.008836,0.0036,0.0036,0.0005,True,True,True,75,45,21.446702,-22.253005,0.246995,21.446702,-22.253005,-3.653395,21.446702,-22.253005,7.246995,21.446702,-22.253005,-2.753005
2879,2026-05-04T15:25:00+00:00,XAUUSD,Sell,4547.645288,4548.100098,4547.645288,4548.554908,0.0002,-0.00464,0.0036,0.0036,0.0005,True,True,True,55,45,37.54519,-6.154517,22.245385,37.54519,-6.154517,13.54519,37.54519,-6.154517,25.645288,37.54519,-6.154517,15.745385
2888,2026-05-04T16:10:00+00:00,XAUUSD,Sell,4519.148138,4519.600098,4519.148138,4520.052058,0.0002,-0.004208,0.0036,0.0036,0.0005,True,True,True,55,45,1.947942,-22.651667,-13.251765,1.947942,-17.95196,-10.95196,1.947942,-22.651667,-9.552058,1.947942,-22.651667,-5.552058
2901,2026-05-04T17:15:00+00:00,XAUUSD,Buy,4539.253685,4538.799805,4538.345925,4539.253685,0.0002,0.00407,0.0036,0.0036,0.0005,True,True,True,55,45,1.54612,-19.553489,-11.053489,1.54612,-12.253685,-8.853782,1.54612,-19.553489,-16.653587,1.54612,-19.553489,-9.653587
3129,2026-05-05T13:15:00+00:00,XAUUSD,Buy,4591.95915,4591.5,4591.04085,4591.95915,0.0002,0.003672,0.0036,0.0036,0.0005,True,True,True,55,45,5.54085,-28.159345,-10.95915,3.140948,-15.559248,-2.45915,5.54085,-15.559248,-16.159345,5.54085,-18.45915,-20.559248
3234,2026-05-05T23:00:00+00:00,XAUUSD,Buy,4585.058558,4584.600098,4584.141638,4585.058558,0.0002,0.005704,0.0036,0.0036,0.0005,True,True,True,65,45,67.441442,-2.258753,20.641638,24.04154,-2.258753,41.54154,48.641638,-2.258753,53.441442,54.841345,-2.258753,66.141638
3235,2026-05-05T23:05:00+00:00,XAUUSD,Buy,4589.858842,4589.399902,4588.940962,4589.858842,0.0002,0.007022,0.0036,0.0036,0.0005,True,True,True,65,45,65.54106,-2.358842,12.841353,19.241255,-2.358842,33.741255,43.841353,-2.358842,53.741255,54.341353,-2.358842,64.741255
3236,2026-05-05T23:10:00+00:00,XAUUSD,Buy,4599.160065,4598.700195,4598.240325,4599.160065,0.0002,0.006677,0.0036,0.0036,0.0005,True,True,True,65,45,61.04013,-9.660065,3.04013,9.940032,-9.660065,23.139739,34.54013,-9.660065,44.639739,45.739837,-9.660065,58.339935
3252,2026-05-06T00:30:00+00:00,XAUUSD,Buy,4619.761735,4619.299805,4618.837875,4619.761735,0.0002,0.003716,0.0036,0.0036,0.0005,True,True,True,55,45,44.638168,-1.661637,13.738265,17.238265,-1.661637,21.638168,26.838363,-1.661637,33.938461,41.138168,-1.661637,40.238265
3341,2026-05-06T07:55:00+00:00,XAUUSD,Buy,4692.869142,4692.399902,4691.930662,4692.869142,0.0002,0.003636,0.0036,0.0036,0.0005,True,True,True,55,45,41.730955,-10.069338,19.130858,21.430662,-10.069338,20.53076,27.331053,-10.069338,36.730955,41.730955,-10.069338,10.430662
3352,2026-05-06T08:50:00+00:00,XAUUSD,Buy,4709.97095,4709.5,4709.02905,4709.97095,0.0002,0.004693,0.0036,0.0036,0.0005,True,True,True,55,45,24.629148,-38.97095,1.52905,10.229245,-10.270755,22.928952,24.629148,-10.270755,-0.770755,24.629148,-10.270755,-21.571048
3353,2026-05-06T08:55:00+00:00,XAUUSD,Buy,4712.4712,4712.0,4711.5288,4712.4712,0.0002,0.005312,0.0036,0.0036,0.0005,True,True,True,55,45,22.128898,-41.4712,0.928702,7.728995,-12.771005,17.128898,22.128898,-12.771005,-9.171395,22.128898,-12.771005,-18.071298
3389,2026-05-06T11:55:00+00:00,XAUUSD,Sell,4702.829475,4703.299805,4702.829475,4703.770135,0.0002,-0.003855,0.0036,0.0036,0.0005,True,True,True,55,45,31.829475,-25.870721,8.429572,31.829475,-1.97033,-10.670525,31.829475,-16.370721,-11.370721,31.829475,-25.870721,3.52967
3392,2026-05-06T12:10:00+00:00,XAUUSD,Sell,4684.331325,4684.799805,4684.331325,4685.268285,0.0002,-0.005181,0.0036,0.0036,0.0005,True,True,True,55,45,13.331325,-44.368871,-9.868871,13.331325,-19.068578,-37.96848,13.331325,-39.96848,-23.768773,13.331325,-44.368871,-10.868871
3393,2026-05-06T12:15:00+00:00,XAUUSD,Sell,4680.431812,4680.899902,4680.431812,4681.367992,0.0002,-0.004763,0.0036,0.0036,0.0005,True,True,True,55,45,0.931812,-48.268383,-12.96809,0.931812,-22.96809,-44.068188,0.931812,-48.268383,-32.46809,0.931812,-48.268383,-15.46809
3536,2026-05-07T01:10:00+00:00,XAUUSD,Buy,4719.172065,4718.700195,4718.228325,4719.172065,0.0002,0.005069,0.0036,0.0036,0.0005,True,True,True,55,45,11.327935,-18.772163,-6.571968,11.327935,-7.97187,-4.272163,11.327935,-10.97187,-13.672065,11.327935,-13.872261,-10.071968
3537,2026-05-07T01:15:00+00:00,XAUUSD,Buy,4722.4722,4722.0,4721.5278,4722.4722,0.0002,0.005194,0.0036,0.0036,0.0005,True,True,True,55,45,8.0278,-22.072298,-7.4722,8.0278,-11.272005,-5.372102,8.0278,-14.272005,-18.372102,8.0278,-19.272005,-17.872102
3538,2026-05-07T01:20:00+00:00,XAUUSD,Buy,4719.771735,4719.299805,4718.827875,4719.771735,0.0002,0.003722,0.0036,0.0036,0.0005,True,True,True,55,45,10.728265,-19.371832,-7.771735,10.728265,-9.571539,-5.271735,10.728265,-11.571539,-13.771735,10.728265,-16.571539,-15.771735
3600,2026-05-07T06:30:00+00:00,XAUUSD,Buy,4742.574308,4742.100098,4741.625888,4742.574308,0.0002,0.005385,0.0036,0.0036,0.0005,True,True,True,55,45,21.02579,-10.574308,8.52579,17.925692,-1.574308,4.425692,21.02579,-1.574308,3.225497,21.02579,-10.574308,-2.574308
3601,2026-05-07T06:35:00+00:00,XAUUSD,Buy,4752.775035,4752.299805,4751.824575,4752.775035,0.0002,0.007227,0.0036,0.0036,0.0005,True,True,True,75,45,10.825063,-20.775035,-2.574839,7.724965,-11.775035,-6.174937,10.825063,-11.775035,-7.674937,10.825063,-20.775035,-7.275035
3602,2026-05-07T06:40:00+00:00,XAUUSD,Buy,4755.97555,4755.5,4755.02445,4755.97555,0.0002,0.007094,0.0036,0.0036,0.0005,True,True,True,65,45,7.624548,-23.97555,-3.375452,4.52445,-14.97555,-10.675745,7.624548,-14.97555,-8.47555,7.624548,-23.97555,-7.675745
3603,2026-05-07T06:45:00+00:00,XAUUSD,Buy,4747.874642,4747.399902,4746.925162,4747.874642,0.0002,0.004528,0.0036,0.0036,0.0005,True,True,True,55,45,15.725455,-15.874642,1.02526,12.625358,-6.874642,-2.47474,15.725455,-6.874642,-2.674447,15.725455,-15.874642,-2.47474
3684,2026-05-07T13:30:00+00:00,XAUUSD,Buy,4765.97655,4765.5,4765.02345,4765.97655,0.0002,0.004744,0.0036,0.0036,0.0005,True,True,True,55,45,9.223645,-71.676745,-6.176745,3.923352,-18.676745,-12.676745,9.223645,-71.676745,-44.276355,9.223645,-71.676745,-53.176745
3710,2026-05-07T15:45:00+00:00,XAUUSD,Sell,4744.425412,4744.899902,4744.425412,4745.374392,0.0002,-0.004135,0.0036,0.0036,0.0005,True,True,True,55,45,47.825315,-2.574588,20.225217,31.825315,-2.574588,35.02551,47.825315,-2.574588,34.225217,47.825315,-2.574588,27.02551
3714,2026-05-07T16:05:00+00:00,XAUUSD,Sell,4727.127338,4727.600098,4727.127338,4728.072858,0.0002,-0.003646,0.0036,0.0036,0.0005,True,True,True,55,45,30.52724,-6.072858,0.827533,14.52724,-6.072858,10.327533,30.52724,-6.072858,8.02724,30.52724,-6.072858,5.827533
3715,2026-05-07T16:10:00+00:00,XAUUSD,Sell,4724.327325,4724.799805,4724.327325,4725.272285,0.0002,-0.003732,0.0036,0.0036,0.0005,True,True,True,55,45,27.727227,-8.872871,0.02752,11.727227,-8.872871,6.627129,27.727227,-8.872871,4.827325,27.727227,-8.872871,3.02752
3716,2026-05-07T16:15:00+00:00,XAUUSD,Sell,4715.5284,4716.0,4715.5284,4716.4716,0.0002,-0.004874,0.0036,0.0036,0.0005,True,True,True,55,45,18.928302,-17.671795,-0.771405,0.328205,-17.671795,-2.371502,18.928302,-17.671795,3.728595,18.928302,-17.671795,-6.4716
3730,2026-05-07T17:25:00+00:00,XAUUSD,Sell,4708.02915,4708.5,4708.02915,4708.97085,0.0002,-0.003766,0.0036,0.0036,0.0005,True,True,True,55,45,37.02915,-21.070948,-14.570948,5.129248,-14.570948,-5.97085,5.129248,-17.47085,-15.370752,5.129248,-21.070948,5.328955
3771,2026-05-07T20:50:00+00:00,XAUUSD,Sell,4705.02945,4705.5,4705.02945,4705.97055,0.0002,-0.003769,0.0036,0.0036,0.0005,True,True,True,55,45,34.02945,-26.770355,10.02945,34.02945,-3.47055,-7.370452,34.02945,-8.570648,-2.170745,34.02945,-13.47055,-25.47055
3821,2026-05-08T02:00:00+00:00,XAUUSD,Buy,4740.273785,4739.799805,4739.325825,4740.273785,0.0002,0.004386,0.0036,0.0036,0.0005,True,True,True,55,45,-0.273785,-24.873882,-14.773785,-0.47398,-24.873882,-11.47398,-0.47398,-24.873882,-19.373882,-0.47398,-24.873882,-3.47398
3885,2026-05-08T07:20:00+00:00,XAUUSD,Sell,4714.728675,4715.200195,4714.728675,4715.671715,0.0002,-0.003698,0.0036,0.0036,0.0005,True,True,True,55,45,8.52848,-23.071129,-14.671227,8.52848,-16.671227,-15.671227,8.52848,-18.171227,-16.47152,8.52848,-18.171227,-18.47152
3947,2026-05-08T12:30:00+00:00,XAUUSD,Buy,4733.273085,4732.799805,4732.326525,4733.273085,0.0002,0.004009,0.0036,0.0036,0.0005,True,True,True,55,45,27.126818,-21.773085,15.226915,21.52672,-7.572889,-1.172987,27.126818,-9.773085,-13.773085,27.126818,-19.572889,-6.572889
3948,2026-05-08T12:35:00+00:00,XAUUSD,Buy,4735.273285,4734.799805,4734.326325,4735.273285,0.0002,0.003795,0.0036,0.0036,0.0005,True,True,True,55,45,25.126618,-23.773285,13.02652,19.52652,-9.573089,-1.673187,25.126618,-11.773285,-12.97348,25.126618,-21.573089,-9.173187
3949,2026-05-08T12:40:00+00:00,XAUUSD,Buy,4733.873242,4733.399902,4732.926562,4733.873242,0.0002,0.003881,0.0036,0.0036,0.0005,True,True,True,55,45,26.52666,-22.373242,13.926562,20.926562,-8.173047,-1.273145,26.52666,-10.373242,-18.573438,26.52666,-20.273145,-10.773145
3959,2026-05-08T13:30:00+00:00,XAUUSD,Buy,4748.97485,4748.5,4748.02515,4748.97485,0.0002,0.003975,0.0036,0.0036,0.0005,True,True,True,55,45,11.425052,-37.47485,-16.874752,11.425052,-25.47485,-29.47485,11.425052,-35.274655,-22.274655,11.425052,-37.47485,-19.175045
3968,2026-05-08T14:15:00+00:00,XAUUSD,Sell,4736.626388,4737.100098,4736.626388,4737.573808,0.0002,-0.004351,0.0036,0.0036,0.0005,True,True,True,55,45,25.126388,-2.573808,20.02629,22.426192,-2.573808,15.02629,25.126388,-2.573808,8.126388,25.126388,-2.573808,1.326583
4049,2026-05-10T22:10:00+00:00,XAUUSD,Sell,4695.430312,4695.899902,4695.430312,4696.369492,0.0002,-0.006264,0.0036,0.0036,0.0005,True,False,False,45,45,17.03041,-18.669785,-3.569688,5.430312,-10.169785,4.630508,6.930312,-12.069688,-5.269883,17.03041,-13.069688,1.03041
4050,2026-05-10T22:15:00+00:00,XAUUSD,Sell,4695.330225,4695.799805,4695.330225,4696.269385,0.0002,-0.006054,0.0036,0.0036,0.0005,True,False,False,45,45,16.930322,-18.769873,-8.369971,1.630029,-10.269873,8.930322,10.230127,-12.169775,-9.169775,16.930322,-13.169775,3.430322
4051,2026-05-10T22:20:00+00:00,XAUUSD,Sell,4697.330025,4697.799805,4697.330025,4698.269585,0.0002,-0.005651,0.0036,0.0036,0.0005,True,False,False,45,45,18.930122,-16.770073,-7.870171,2.229927,-8.270073,4.729927,12.830025,-10.169975,-14.46978,18.930122,-16.770073,2.930122
4052,2026-05-10T22:25:00+00:00,XAUUSD,Sell,4702.429612,4702.899902,4702.429612,4703.370192,0.0002,-0.005877,0.0036,0.0036,0.0005,True,True,False,45,45,24.02971,-11.670485,-1.170485,7.329515,-3.47029,10.52971,17.929612,-5.070388,-5.47029,24.02971,-11.670485,5.429612
4106,2026-05-11T02:55:00+00:00,XAUUSD,Sell,4689.531,4690.0,4689.531,4690.469,0.0002,-0.003781,0.0036,0.0036,0.0005,True,True,True,55,45,34.430902,-8.768805,2.531,6.430902,-8.768805,9.731195,13.631098,-8.768805,29.930902,34.430902,-8.768805,2.830805
4141,2026-05-11T05:50:00+00:00,XAUUSD,Sell,4661.234025,4661.700195,4661.234025,4662.166365,0.0002,-0.005271,0.0036,0.0036,0.0005,True,True,True,55,45,6.133928,-27.46617,-25.96617,6.133928,-27.46617,-16.565779,6.133928,-27.46617,-16.165877,6.133928,-27.46617,-9.265975
4142,2026-05-11T05:55:00+00:00,XAUUSD,Sell,4659.134138,4659.600098,4659.134138,4660.066058,0.0002,-0.004763,0.0036,0.0036,0.0005,True,True,True,55,45,2.53404,-29.566058,-27.566058,2.53404,-29.566058,-17.265765,2.53404,-29.566058,-16.765765,2.53404,-29.566058,-6.165667
4146,2026-05-11T06:15:00+00:00,XAUUSD,Buy,4678.767635,4678.299805,4677.831975,4678.767635,0.0002,0.004013,0.0036,0.0036,0.0005,True,True,True,55,45,9.932561,-20.067439,2.832463,9.932561,-7.567439,5.332463,9.932561,-7.567439,-5.367732,9.932561,-7.567439,-7.767635
4221,2026-05-11T12:30:00+00:00,XAUUSD,Buy,4703.370192,4702.899902,4702.429612,4703.370192,0.0002,0.005602,0.0036,0.0036,0.0005,True,True,True,65,45,55.02971,-8.370192,41.229905,43.02971,-8.370192,27.429612,55.02971,-8.370192,38.429612,55.02971,-8.370192,28.52971
4222,2026-05-11T12:35:00+00:00,XAUUSD,Buy,4705.170665,4704.700195,4704.229725,4705.170665,0.0002,0.00502,0.0036,0.0036,0.0005,True,True,True,55,45,53.229237,-10.170665,39.829335,45.229237,-10.170665,31.429432,53.229237,-10.170665,34.829335,53.229237,-10.170665,24.829335
4227,2026-05-11T13:00:00+00:00,XAUUSD,Buy,4719.97195,4719.5,4719.02805,4719.97195,0.0002,0.003914,0.0036,0.0036,0.0005,True,False,True,55,45,38.427952,-3.172145,20.128148,38.427952,-2.271755,16.02805,38.427952,-2.271755,21.427952,38.427952,-2.271755,7.728245
4228,2026-05-11T13:05:00+00:00,XAUUSD,Buy,4726.272385,4725.799805,4725.327225,4726.272385,0.0002,0.00581,0.0036,0.0036,0.0005,True,True,True,65,45,32.127518,-9.47258,7.727615,32.127518,-4.772385,12.127518,32.127518,-4.772385,12.52742,32.127518,-4.772385,1.227615
4229,2026-05-11T13:10:00+00:00,XAUUSD,Buy,4730.473,4730.0,4729.527,4730.473,0.0002,0.005955,0.0036,0.0036,0.0005,True,True,True,65,45,27.926902,-13.673195,9.926902,27.926902,-2.473,7.527,27.926902,-5.872902,7.127098,27.926902,-5.872902,-2.573098
4230,2026-05-11T13:15:00+00:00,XAUUSD,Buy,4737.373592,4736.899902,4736.426212,4737.373592,0.0002,0.005989,0.0036,0.0036,0.0005,True,True,True,65,45,21.02631,-20.573788,3.426212,21.02631,-9.373592,3.926212,21.02631,-12.773495,-0.97369,21.02631,-12.773495,-10.073788
4231,2026-05-11T13:20:00+00:00,XAUUSD,Buy,4741.074158,4740.600098,4740.126038,4741.074158,0.0002,0.004471,0.0036,0.0036,0.0005,True,True,True,55,45,17.325745,-24.274353,2.325745,17.325745,-13.074158,5.425842,17.325745,-16.47406,-6.574158,17.325745,-16.47406,-11.774353
4364,2026-05-12T01:25:00+00:00,XAUUSD,Sell,4744.325325,4744.799805,4744.325325,4745.274285,0.0002,-0.003675,0.0036,0.0036,0.0005,True,True,True,55,45,26.825325,-4.47448,8.225227,14.52552,-4.47448,11.325325,14.52552,-4.47448,12.925422,17.52552,-4.47448,19.925422
4366,2026-05-12T01:35:00+00:00,XAUUSD,Sell,4733.426512,4733.899902,4733.426512,4734.373292,0.0002,-0.005107,0.0036,0.0036,0.0005,True,True,True,55,45,15.926512,-9.97339,-2.97339,3.626708,-9.97339,-2.273683,3.626708,-9.97339,-0.873292,6.626708,-9.97339,7.826415
4501,2026-05-12T12:50:00+00:00,XAUUSD,Buy,4718.271585,4717.799805,4717.328025,4718.271585,0.0002,0.00368,0.0036,0.0036,0.0005,True,True,True,55,45,-0.171487,-73.071389,-19.371682,-0.171487,-31.271585,-33.571389,-0.171487,-40.171487,-42.871682,-0.171487,-73.071389,-40.97178
4505,2026-05-12T13:10:00+00:00,XAUUSD,Sell,4696.730475,4697.200195,4696.730475,4697.669915,0.0002,-0.004366,0.0036,0.0036,0.0005,True,True,True,55,45,51.53028,-12.769525,-4.169427,13.330573,-12.769525,24.730475,26.130378,-12.769525,17.830573,51.53028,-12.769525,12.330573
4506,2026-05-12T13:15:00+00:00,XAUUSD,Sell,4693.03065,4693.5,4693.03065,4693.96935,0.0002,-0.004306,0.0036,0.0036,0.0005,True,True,True,55,45,47.830455,-16.46935,-3.369252,9.630748,-16.46935,23.730845,27.330455,-16.46935,13.930552,47.830455,-16.46935,6.03065
4514,2026-05-12T13:55:00+00:00,XAUUSD,Sell,4686.5313,4687.0,4686.5313,4687.4687,0.0002,-0.003953,0.0036,0.0036,0.0005,True,True,True,55,45,41.331105,-16.4687,6.5313,10.5313,-16.4687,13.431202,41.331105,-16.4687,8.431202,41.331105,-16.4687,0.831105
4531,2026-05-12T15:20:00+00:00,XAUUSD,Sell,4649.934862,4650.399902,4649.934862,4650.864942,0.0002,-0.005624,0.0036,0.0036,0.0005,True,False,True,65,45,4.734667,-61.065138,-24.665235,4.734667,-32.46504,-37.46504,4.734667,-38.665235,-39.765333,4.734667,-41.864942,-60.265333
4532,2026-05-12T15:25:00+00:00,XAUUSD,Sell,4662.833475,4663.299805,4662.833475,4663.766135,0.0002,-0.003611,0.0036,0.0036,0.0005,True,True,True,55,45,1.633279,-49.166525,-12.666525,1.633279,-19.566428,-23.766623,1.633279,-26.96633,-29.666525,1.633279,-32.166525,-47.96633
4535,2026-05-12T15:40:00+00:00,XAUUSD,Buy,4673.067358,4672.600098,4672.132838,4673.067358,0.0002,0.004774,0.0036,0.0036,0.0005,True,True,True,55,45,45.03274,-1.767553,3.732447,9.332545,-1.767553,13.832545,16.732447,-1.767553,29.732447,31.732447,-1.767553,43.832545
4786,2026-05-13T13:35:00+00:00,XAUUSD,Sell,4681.03185,4681.5,4681.03185,4681.96815,0.0002,-0.003703,0.0036,0.0036,0.0005,True,True,True,55,45,5.03185,-36.868052,-12.46815,5.03185,-17.267955,-25.368052,5.03185,-25.568248,-29.767955,5.03185,-36.868052,-18.168345
4951,2026-05-14T04:20:00+00:00,XAUUSD,Buy,4697.869642,4697.399902,4696.930162,4697.869642,0.0002,0.004083,0.0036,0.0036,0.0005,True,True,True,55,45,27.930162,-5.169447,6.430162,21.830553,-0.669447,-0.669447,21.830553,-5.169447,8.230455,21.830553,-5.169447,9.830553
4952,2026-05-14T04:25:00+00:00,XAUUSD,Buy,4708.97085,4708.5,4708.02915,4708.97085,0.0002,0.005059,0.0036,0.0036,0.0005,True,True,True,55,45,16.828955,-16.270655,-8.171045,10.729345,-8.97085,-10.870752,10.729345,-16.270655,2.929052,10.729345,-16.270655,1.52915
4953,2026-05-14T04:30:00+00:00,XAUUSD,Buy,4715.671715,4715.200195,4714.728675,4715.671715,0.0002,0.005802,0.0036,0.0036,0.0005,True,True,True,65,45,10.128089,-22.97152,-10.271813,4.02848,-15.671715,-14.871911,4.02848,-22.97152,1.52848,4.02848,-22.97152,-6.271813
4954,2026-05-14T04:35:00+00:00,XAUUSD,Buy,4714.671615,4714.200195,4713.728775,4714.671615,0.0002,0.00531,0.0036,0.0036,0.0005,True,True,True,55,45,11.128189,-21.97142,-8.071518,-0.071518,-14.671615,-13.671615,-0.071518,-21.97142,4.428482,11.128189,-21.97142,-5.47142
4994,2026-05-14T07:55:00+00:00,XAUUSD,Sell,4699.630088,4700.100098,4699.630088,4700.570108,0.0002,-0.004026,0.0036,0.0036,0.0005,True,True,True,55,45,5.02999,-13.97001,-0.669717,0.730185,-13.97001,-6.47001,5.02999,-13.97001,-4.47001,5.02999,-13.97001,-0.769815
5061,2026-05-14T13:30:00+00:00,XAUUSD,Sell,4690.630988,4691.100098,4690.630988,4691.569208,0.0002,-0.004288,0.0036,0.0036,0.0005,True,True,True,55,45,19.331183,-16.668817,-3.768915,19.331183,-16.668817,-4.069208,19.331183,-16.668817,10.430792,19.331183,-16.668817,5.331183
5063,2026-05-14T13:40:00+00:00,XAUUSD,Sell,4681.831575,4682.299805,4681.831575,4682.768035,0.0002,-0.004063,0.0036,0.0036,0.0005,True,True,True,55,45,5.731477,-25.46823,-11.46823,0.431672,-25.46823,-6.768523,0.431672,-25.46823,0.331575,5.731477,-25.46823,-5.868621
5180,2026-05-15T00:25:00+00:00,XAUUSD,Sell,4634.136638,4634.600098,4634.136638,4635.063558,0.0002,-0.004297,0.0036,0.0036,0.0005,True,False,True,55,45,23.136638,-2.563558,20.53654,21.836833,-2.563558,17.436442,23.136638,-2.563558,17.636638,23.136638,-2.563558,19.236735
5181,2026-05-15T00:30:00+00:00,XAUUSD,Sell,4628.836875,4629.299805,4628.836875,4629.762735,0.0002,-0.00535,0.0036,0.0036,0.0005,True,False,True,55,45,17.836875,-7.863321,8.736777,17.236777,-7.863321,12.636679,17.836875,-7.863321,15.736777,17.836875,-7.863321,10.936972
5182,2026-05-15T00:35:00+00:00,XAUUSD,Sell,4626.837075,4627.299805,4626.837075,4627.762535,0.0002,-0.006804,0.0036,0.0036,0.0005,True,True,True,65,45,15.837075,-9.863121,5.337075,15.236977,-9.863121,9.636879,15.837075,-9.863121,8.236977,15.837075,-9.863121,11.437172
5183,2026-05-15T00:40:00+00:00,XAUUSD,Sell,4623.637688,4624.100098,4623.637688,4624.562508,0.0002,-0.005399,0.0036,0.0036,0.0005,True,True,True,55,45,15.437492,-13.062508,-3.562508,12.03759,-13.062508,2.237785,12.637688,-13.062508,6.137688,12.637688,-13.062508,13.637688
5188,2026-05-15T01:05:00+00:00,XAUUSD,Sell,4613.838375,4614.299805,4613.838375,4614.761235,0.0002,-0.003929,0.0036,0.0036,0.0005,True,False,True,55,45,17.338375,-16.46143,-8.561528,2.838375,-16.46143,-7.761723,2.838375,-16.46143,-11.46143,2.838375,-16.46143,16.438472
5238,2026-05-15T05:15:00+00:00,XAUUSD,Sell,4586.741475,4587.200195,4586.741475,4587.658915,0.0002,-0.004946,0.0036,0.0036,0.0005,True,True,True,55,45,43.641378,-7.758525,7.441671,26.641378,-7.758525,-4.45872,26.641378,-7.758525,25.841573,29.941671,-7.758525,36.04128
5243,2026-05-15T05:40:00+00:00,XAUUSD,Sell,4571.642888,4572.100098,4571.642888,4572.557308,0.0002,-0.003748,0.0036,0.0036,0.0005,True,False,True,55,45,28.54279,-22.156917,-0.357112,11.54279,-13.757015,-11.156917,11.54279,-22.156917,4.642888,18.442692,-22.156917,23.843083
5244,2026-05-15T05:45:00+00:00,XAUUSD,Sell,4567.143338,4567.600098,4567.143338,4568.056858,0.0002,-0.005487,0.0036,0.0036,0.0005,True,True,True,65,45,25.443142,-26.656467,-9.856662,7.04324,-18.256565,-13.056858,7.04324,-26.656467,0.443142,13.943142,-26.656467,24.943142
5261,2026-05-15T07:10:00+00:00,XAUUSD,Buy,4591.059158,4590.600098,4590.141038,4591.059158,0.0002,0.003893,0.0036,0.0036,0.0005,True,True,True,55,45,2.740647,-55.659255,-21.358962,2.740647,-29.759353,-39.45906,2.740647,-41.358962,-26.059158,2.740647,-55.659255,-20.45906
5262,2026-05-15T07:15:00+00:00,XAUUSD,Buy,4591.659315,4591.200195,4590.741075,4591.659315,0.0002,0.003651,0.0036,0.0036,0.0005,True,True,True,55,45,2.140489,-56.259413,-30.759413,2.140489,-34.859511,-40.95912,2.140489,-48.559218,-30.359511,2.140489,-56.259413,-22.859511
5271,2026-05-15T08:00:00+00:00,XAUUSD,Sell,4564.943362,4565.399902,4564.943362,4565.856442,0.0002,-0.003797,0.0036,0.0036,0.0005,True,True,True,55,45,29.54346,-12.056638,3.04346,11.743167,-7.256833,14.54346,29.54346,-7.256833,-1.45654,29.54346,-12.056638,10.643558
5296,2026-05-15T10:05:00+00:00,XAUUSD,Buy,4562.556308,4562.100098,4561.643888,4562.556308,0.0002,0.004381,0.0036,0.0036,0.0005,True,True,True,55,45,14.443692,-48.756503,5.843595,14.443692,-8.95621,-5.056308,14.443692,-12.156405,-20.056308,14.443692,-22.656405,-24.556308
5297,2026-05-15T10:10:00+00:00,XAUUSD,Buy,4565.4565,4565.0,4564.5435,4565.4565,0.0002,0.004135,0.0036,0.0036,0.0005,True,True,True,55,45,11.5435,-51.656695,5.143598,11.5435,-11.856402,-15.556598,11.5435,-16.156695,-14.856402,11.5435,-25.556598,-17.856402
5338,2026-05-15T13:35:00+00:00,XAUUSD,Sell,4532.146838,4532.600098,4532.146838,4533.053358,0.0002,-0.00483,0.0036,0.0036,0.0005,True,False,True,55,45,18.347033,-38.753065,-28.152967,18.347033,-34.95326,-14.553358,18.347033,-38.753065,-17.45326,18.347033,-38.753065,-35.253065
5339,2026-05-15T13:40:00+00:00,XAUUSD,Sell,4523.447512,4523.899902,4523.447512,4524.352292,0.0002,-0.007547,0.0036,0.0036,0.0005,True,True,True,75,45,9.647708,-47.45239,-37.652585,9.647708,-43.652585,-22.152585,9.647708,-47.45239,-28.052488,9.647708,-47.45239,-41.652585
5340,2026-05-15T13:45:00+00:00,XAUUSD,Sell,4532.246925,4532.700195,4532.246925,4533.153465,0.0002,-0.004502,0.0036,0.0036,0.0005,True,True,True,55,45,3.246925,-38.652977,-23.353172,3.246925,-34.853172,-11.95327,3.246925,-38.652977,-17.052879,3.246925,-38.652977,-32.652977
5346,2026-05-15T14:15:00+00:00,XAUUSD,Buy,4563.856242,4563.399902,4562.943562,4563.856242,0.0002,0.005752,0.0036,0.0036,0.0005,True,True,True,65,45,7.04366,-30.656047,-12.156047,7.04366,-13.756145,-25.95634,7.04366,-30.656047,-3.95634,7.04366,-30.656047,-5.556438
5347,2026-05-15T14:20:00+00:00,XAUUSD,Buy,4563.056358,4562.600098,4562.143838,4563.056358,0.0002,0.005598,0.0036,0.0036,0.0005,True,True,True,65,45,7.843545,-29.856162,-13.056358,7.843545,-15.356162,-18.556358,7.843545,-29.856162,2.843545,7.843545,-29.856162,-0.256553
5455,2026-05-18T00:30:00+00:00,XAUUSD,Sell,4495.150538,4495.600098,4495.150538,4496.049658,0.0002,-0.007419,0.0036,0.0036,0.0005,True,True,True,75,45,11.650538,-58.649267,-18.049658,11.650538,-24.649267,-39.749365,11.650538,-48.849462,-35.049658,11.650538,-50.749365,-47.749365
5456,2026-05-18T00:35:00+00:00,XAUUSD,Sell,4493.5506,4494.0,4493.5506,4494.4494,0.0002,-0.007158,0.0036,0.0036,0.0005,True,True,True,65,45,10.0506,-60.249205,-17.849302,10.0506,-26.249205,-47.4494,10.0506,-50.4494,-44.349302,10.0506,-52.349302,-52.549498
5457,2026-05-18T00:40:00+00:00,XAUUSD,Sell,4484.951362,4485.399902,4484.951362,4485.848442,0.0002,-0.007809,0.0036,0.0036,0.0005,True,True,True,75,45,1.151558,-68.848442,-30.248833,1.151558,-34.848442,-54.348442,1.151558,-59.148735,-63.648735,1.151558,-66.44854,-60.548638
5458,2026-05-18T00:45:00+00:00,XAUUSD,Sell,4497.350025,4497.799805,4497.350025,4498.249585,0.0002,-0.004691,0.0036,0.0036,0.0005,True,True,True,55,45,7.850025,-56.44978,-33.44978,7.850025,-34.350171,-36.350171,7.850025,-48.549878,-47.350171,7.850025,-54.049878,-46.750073
5460,2026-05-18T00:55:00+00:00,XAUUSD,Buy,4518.95185,4518.5,4518.04815,4518.95185,0.0002,0.005452,0.0036,0.0036,0.0005,True,False,False,45,45,34.847955,-26.851752,8.948052,19.648248,-26.851752,17.448052,26.948052,-26.851752,27.847955,32.448052,-26.851752,25.248345
5470,2026-05-18T01:45:00+00:00,XAUUSD,Buy,4531.252885,4530.799805,4530.346725,4531.252885,0.0002,0.005169,0.0036,0.0036,0.0005,True,True,True,55,45,24.747115,-6.352982,2.447311,14.647018,-6.352982,13.447311,20.147018,-6.352982,12.847213,22.54692,-6.352982,11.447311
5471,2026-05-18T01:50:00+00:00,XAUUSD,Buy,4533.653515,4533.200195,4532.746875,4533.653515,0.0002,0.004431,0.0036,0.0036,0.0005,True,True,True,55,45,22.346485,-8.753613,2.746387,12.246387,-8.753613,11.346485,17.746387,-8.753613,13.346485,20.146289,-8.753613,6.646289
5472,2026-05-18T01:55:00+00:00,XAUUSD,Buy,4528.352692,4527.899902,4527.447112,4528.352692,0.0002,0.003657,0.0036,0.0036,0.0005,True,True,True,55,45,27.647308,-3.45279,8.04721,17.54721,-3.45279,18.447112,23.04721,-3.45279,15.847503,25.447112,-3.45279,6.247405
5473,2026-05-18T02:00:00+00:00,XAUUSD,Buy,4535.153665,4534.700195,4534.246725,4535.153665,0.0002,0.004319,0.0036,0.0036,0.0005,True,True,True,55,45,20.846335,-7.153665,-0.853861,10.746237,-7.053568,14.146139,17.04653,-7.153665,4.346335,18.646139,-7.153665,3.646139
5588,2026-05-18T11:35:00+00:00,XAUUSD,Buy,4559.95595,4559.5,4559.04405,4559.95595,0.0002,0.003742,0.0036,0.0036,0.0005,True,False,True,55,45,28.644148,-23.755755,5.54405,11.943952,-11.156145,17.744245,24.343855,-11.156145,-9.156145,28.644148,-12.656145,-13.656145
5589,2026-05-18T11:40:00+00:00,XAUUSD,Buy,4566.95665,4566.5,4566.04335,4566.95665,0.0002,0.006014,0.0036,0.0036,0.0005,True,True,True,65,45,21.643448,-30.756455,6.643448,7.143448,-18.156845,3.54335,17.343155,-18.156845,-14.95665,21.643448,-24.056748,-23.95665
5590,2026-05-18T11:45:00+00:00,XAUUSD,Buy,4559.855842,4559.399902,4558.943962,4559.855842,0.0002,0.004362,0.0036,0.0036,0.0005,True,True,True,55,45,28.744255,-23.655647,16.644158,19.54406,-11.056038,18.443962,24.443962,-11.056038,-12.255745,28.744255,-17.755745,-13.755745
5602,2026-05-18T12:45:00+00:00,XAUUSD,Buy,4576.95765,4576.5,4576.04235,4576.95765,0.0002,0.004852,0.0036,0.0036,0.0005,True,True,True,55,45,11.642448,-40.757455,1.342155,7.342155,-11.557748,-29.357552,11.642448,-34.857552,-30.857552,11.642448,-40.757455,-24.45765
5619,2026-05-18T14:10:00+00:00,XAUUSD,Sell,4568.243325,4568.700195,4568.243325,4569.157065,0.0002,-0.004185,0.0036,0.0036,0.0005,True,True,True,55,45,32.04313,-5.056479,23.54313,32.04313,-5.056479,15.443521,32.04313,-5.056479,10.743325,32.04313,-5.056479,18.843423
5624,2026-05-18T14:35:00+00:00,XAUUSD,Sell,4550.344725,4550.799805,4550.344725,4551.254885,0.0002,-0.004288,0.0036,0.0036,0.0005,True,True,True,55,45,14.144529,-12.155275,4.04492,14.144529,-3.45508,1.944822,14.144529,-4.655275,-3.055178,14.144529,-12.155275,6.444822
5626,2026-05-18T14:45:00+00:00,XAUUSD,Sell,4547.145338,4547.600098,4547.145338,4548.054858,0.0002,-0.004073,0.0036,0.0036,0.0005,True,True,True,55,45,10.945142,-15.354662,1.04524,10.945142,-5.654467,-5.354662,10.945142,-7.854662,-4.154467,10.945142,-15.354662,1.54524
5882,2026-05-19T13:05:00+00:00,XAUUSD,Sell,4524.847275,4525.299805,4524.847275,4525.752335,0.0002,-0.00394,0.0036,0.0036,0.0005,True,True,True,55,45,57.747177,-4.352921,18.347275,57.747177,-4.352921,23.247177,57.747177,-4.352921,22.747177,57.747177,-4.352921,13.347275
5883,2026-05-19T13:10:00+00:00,XAUUSD,Sell,4526.847075,4527.299805,4526.847075,4527.752535,0.0002,-0.003807,0.0036,0.0036,0.0005,True,True,True,55,45,59.746977,-2.353121,31.146879,59.746977,-2.353121,24.246977,59.746977,-2.353121,22.447172,59.746977,-2.353121,12.746977
5884,2026-05-19T13:15:00+00:00,XAUUSD,Sell,4519.548,4520.0,4519.548,4520.452,0.0002,-0.004756,0.0036,0.0036,0.0005,True,True,True,55,45,52.447902,-3.251805,21.847805,52.447902,-3.251805,15.447902,52.447902,-3.251805,15.548,52.447902,-3.251805,8.048
5885,2026-05-19T13:20:00+00:00,XAUUSD,Sell,4506.949162,4507.399902,4506.949162,4507.850642,0.0002,-0.004308,0.0036,0.0036,0.0005,True,True,True,55,45,39.849065,-10.050838,17.748967,39.849065,-10.050838,8.649358,39.849065,-10.050838,-2.251033,39.849065,-10.050838,-0.050838
5886,2026-05-19T13:25:00+00:00,XAUUSD,Sell,4493.950462,4494.399902,4493.950462,4494.849342,0.0002,-0.006828,0.0036,0.0036,0.0005,True,True,True,65,45,26.850365,-23.049538,1.250267,26.850365,-23.049538,-9.049538,26.850365,-23.049538,-18.249733,26.850365,-23.049538,-16.549538
5887,2026-05-19T13:30:00+00:00,XAUUSD,Sell,4483.751775,4484.200195,4483.751775,4484.648615,0.0002,-0.00952,0.0036,0.0036,0.0005,True,True,True,75,45,11.451971,-33.248225,-9.348322,11.451971,-33.248225,-23.248225,11.451971,-33.248225,-26.94842,11.451971,-33.248225,-23.94842
5888,2026-05-19T13:35:00+00:00,XAUUSD,Sell,4485.151538,4485.600098,4485.151538,4486.048658,0.0002,-0.007611,0.0036,0.0036,0.0005,True,True,True,75,45,12.851733,-31.848462,-8.048658,12.851733,-31.848462,-21.44856,12.851733,-31.848462,-27.048658,12.851733,-31.848462,-25.048658
5889,2026-05-19T13:40:00+00:00,XAUUSD,Sell,4478.05215,4478.5,4478.05215,4478.94785,0.0002,-0.006412,0.0036,0.0036,0.0005,True,True,True,65,45,1.752345,-38.94785,-19.347752,1.752345,-38.94785,-27.44785,1.752345,-38.94785,-31.047948,1.752345,-38.94785,-29.847752
5891,2026-05-19T13:50:00+00:00,XAUUSD,Buy,4507.850642,4507.399902,4506.949162,4507.850642,0.0002,0.005174,0.0036,0.0036,0.0005,True,False,True,55,45,9.149358,-20.850642,-17.850642,9.149358,-20.850642,-1.350642,9.149358,-20.850642,1.149358,9.149358,-20.850642,-5.050838
5893,2026-05-19T14:00:00+00:00,XAUUSD,Buy,4515.4515,4515.0,4514.5485,4515.4515,0.0002,0.00815,0.0036,0.0036,0.0005,True,True,True,75,45,1.5485,-28.4515,-15.351402,1.5485,-28.4515,-6.651695,1.5485,-28.4515,-5.351402,1.5485,-28.4515,-10.9515
5897,2026-05-19T14:20:00+00:00,XAUUSD,Sell,4488.751275,4489.200195,4488.751275,4489.649115,0.0002,-0.005714,0.0036,0.0036,0.0005,True,True,True,65,45,1.751275,-27.248725,-9.548529,1.751275,-19.848822,-20.44892,1.751275,-25.248725,-18.248725,1.751275,-27.248725,-13.348822
6006,2026-05-20T00:25:00+00:00,XAUUSD,Buy,4505.250285,4504.799805,4504.349325,4505.250285,0.0002,0.004012,0.0036,0.0036,0.0005,True,True,True,55,45,6.749715,-50.250285,-29.250285,6.749715,-29.650187,-21.45048,6.749715,-47.250285,-42.150187,6.749715,-50.250285,-38.150187
6008,2026-05-20T00:35:00+00:00,XAUUSD,Buy,4505.650715,4505.200195,4504.749675,4505.650715,0.0002,0.004146,0.0036,0.0036,0.0005,True,True,True,55,45,6.349285,-50.650715,-34.650715,6.349285,-47.650715,-34.95052,6.349285,-47.650715,-39.050618,6.349285,-50.650715,-39.150715
6018,2026-05-20T01:25:00+00:00,XAUUSD,Sell,4475.5524,4476.0,4475.5524,4476.4476,0.0002,-0.004891,0.0036,0.0036,0.0005,True,True,True,55,45,20.5524,-15.347502,-8.247405,17.5524,-15.347502,12.452302,20.5524,-15.347502,8.452302,20.5524,-15.347502,4.952302
6019,2026-05-20T01:30:00+00:00,XAUUSD,Sell,4475.452312,4475.899902,4475.452312,4476.347492,0.0002,-0.004271,0.0036,0.0036,0.0005,True,False,True,55,45,20.452312,-15.44759,2.752117,17.452312,-15.44759,14.452312,20.452312,-15.44759,10.352215,20.452312,-15.44759,-4.347492
6020,2026-05-20T01:35:00+00:00,XAUUSD,Sell,4470.5529,4471.0,4470.5529,4471.4471,0.0002,-0.006069,0.0036,0.0036,0.0005,True,True,True,65,45,15.5529,-20.347002,-0.147295,6.452802,-20.347002,3.952802,15.5529,-20.347002,4.0529,15.5529,-20.347002,-7.9471
6021,2026-05-20T01:40:00+00:00,XAUUSD,Sell,4469.352825,4469.799805,4469.352825,4470.246785,0.0002,-0.003856,0.0036,0.0036,0.0005,True,True,True,55,45,14.352825,-21.547078,6.252727,6.452922,-21.547078,6.952922,14.352825,-21.547078,4.452922,14.352825,-21.547078,-5.047078
6025,2026-05-20T02:00:00+00:00,XAUUSD,Buy,4487.94875,4487.5,4487.05125,4487.94875,0.0002,0.00396,0.0036,0.0036,0.0005,True,True,True,55,45,1.651348,-32.94875,-22.748555,1.651348,-27.348652,-17.148945,1.651348,-32.94875,-15.248555,1.651348,-32.94875,-12.848652
6033,2026-05-20T02:40:00+00:00,XAUUSD,Sell,4462.653788,4463.100098,4462.653788,4463.546408,0.0002,-0.00526,0.0036,0.0036,0.0005,True,True,True,55,45,7.653788,-19.146017,0.253885,7.653788,-6.546408,-2.246115,7.653788,-9.846212,-11.746115,7.653788,-19.146017,-6.646017
6034,2026-05-20T02:45:00+00:00,XAUUSD,Sell,4466.153438,4466.600098,4466.153438,4467.046758,0.0002,-0.003836,0.0036,0.0036,0.0005,True,True,True,55,45,11.153438,-15.646367,4.353633,11.153438,-3.046758,4.253535,11.153438,-6.346562,-1.246465,11.153438,-15.646367,-10.246465
6173,2026-05-20T14:20:00+00:00,XAUUSD,Buy,4505.650715,4505.200195,4504.749675,4505.650715,0.0002,0.00475,0.0036,0.0036,0.0005,True,False,True,55,45,52.749187,-4.250813,34.149089,52.749187,-4.250813,23.649089,52.749187,-4.250813,31.54948,52.749187,-4.250813,31.449382
6174,2026-05-20T14:25:00+00:00,XAUUSD,Buy,4509.95095,4509.5,4509.04905,4509.95095,0.0002,0.006944,0.0036,0.0036,0.0005,True,True,True,65,45,48.448952,-0.051048,23.04905,48.448952,-0.051048,19.348855,48.448952,-0.051048,25.54905,48.448952,-0.051048,28.649148
6175,2026-05-20T14:30:00+00:00,XAUUSD,Buy,4528.052858,4527.600098,4527.147338,4528.052858,0.0002,0.010738,0.0036,0.0036,0.0005,True,True,True,75,45,30.347045,-9.95276,10.347045,30.347045,-9.95276,0.647338,30.347045,-9.95276,6.04724,30.347045,-9.95276,15.147338
6176,2026-05-20T14:35:00+00:00,XAUUSD,Buy,4527.252485,4526.799805,4526.347125,4527.252485,0.0002,0.005553,0.0036,0.0036,0.0005,True,True,True,65,45,31.147418,-7.752485,13.747515,31.147418,-7.752485,3.747515,31.147418,-7.752485,12.247515,31.147418,-7.752485,19.147418
6293,2026-05-21T01:20:00+00:00,XAUUSD,Buy,4567.756535,4567.299805,4566.843075,4567.756535,0.0002,0.004862,0.0036,0.0036,0.0005,True,True,True,55,45,4.643368,-41.95673,-17.95673,4.643368,-20.156437,-28.45673,4.643368,-35.256535,-29.756535,4.643368,-39.45673,-41.95673
6294,2026-05-21T01:25:00+00:00,XAUUSD,Buy,4569.557008,4569.100098,4568.643188,4569.557008,0.0002,0.003867,0.0036,0.0036,0.0005,True,True,True,55,45,2.842895,-46.757203,-27.45691,2.842895,-27.95691,-31.95691,2.842895,-37.057008,-28.557008,2.842895,-41.257203,-45.557008
6402,2026-05-21T10:25:00+00:00,XAUUSD,Sell,4518.847875,4519.299805,4518.847875,4519.751735,0.0002,-0.003704,0.0036,0.0036,0.0005,True,True,True,55,45,30.54807,-3.652125,3.647679,13.147679,-3.652125,11.347875,15.54807,-3.652125,16.847875,22.847875,-3.652125,9.947972
6403,2026-05-21T10:30:00+00:00,XAUUSD,Sell,4515.248625,4515.700195,4515.248625,4516.151765,0.0002,-0.003926,0.0036,0.0036,0.0005,True,True,True,55,45,26.948821,-7.251375,3.648528,9.54843,-7.251375,-0.351472,11.948821,-7.251375,20.648528,25.04843,-7.251375,6.448821
6404,2026-05-21T10:35:00+00:00,XAUUSD,Sell,4509.549,4510.0,4509.549,4510.451,0.0002,-0.005644,0.0036,0.0036,0.0005,True,True,True,65,45,21.249195,-12.951,-1.551098,3.848805,-12.951,-3.051098,6.249195,-12.951,16.649098,21.249195,-12.951,-0.750805
6405,2026-05-21T10:40:00+00:00,XAUUSD,Sell,4517.948062,4518.399902,4517.948062,4518.851742,0.0002,-0.00377,0.0036,0.0036,0.0005,True,True,True,55,45,29.648258,-4.551938,4.54816,9.148258,-4.551938,1.847965,14.648258,-4.551938,19.247867,29.648258,-4.551938,11.847965
6443,2026-05-21T13:50:00+00:00,XAUUSD,Buy,4519.95195,4519.5,4519.04805,4519.95195,0.0002,0.00554,0.0036,0.0036,0.0005,True,True,True,65,45,39.648148,-21.95195,-9.45195,2.148148,-20.751755,-7.751755,2.148148,-21.95195,-1.351852,2.447952,-21.95195,38.847855
6444,2026-05-21T13:55:00+00:00,XAUUSD,Buy,4514.151565,4513.700195,4513.248825,4514.151565,0.0002,0.00463,0.0036,0.0036,0.0005,True,True,True,55,45,47.04863,-16.151565,-4.151565,2.54863,-14.95137,-1.151565,2.848435,-16.151565,6.54863,8.248337,-16.151565,38.948532
6485,2026-05-21T17:20:00+00:00,XAUUSD,Buy,4538.654015,4538.200195,4537.746375,4538.654015,0.0002,0.004649,0.0036,0.0036,0.0005,True,True,True,55,45,22.54618,-10.053918,13.245887,22.54618,-1.45382,1.946082,22.54618,-10.053918,3.345985,22.54618,-10.053918,4.245887
6486,2026-05-21T17:25:00+00:00,XAUUSD,Buy,4543.854242,4543.399902,4542.945562,4543.854242,0.0002,0.005377,0.0036,0.0036,0.0005,True,True,True,55,45,17.345953,-15.254145,6.04566,17.345953,-3.554438,-3.654047,17.345953,-15.254145,-1.45434,17.345953,-15.254145,-2.654047
6487,2026-05-21T17:30:00+00:00,XAUUSD,Buy,4544.654615,4544.200195,4543.745775,4544.654615,0.0002,0.003644,0.0036,0.0036,0.0005,True,True,True,55,45,16.54558,-16.054518,2.945482,16.54558,-1.054518,-4.154615,16.54558,-16.054518,-2.554518,16.54558,-16.054518,-2.654615
6503,2026-05-21T18:50:00+00:00,XAUUSD,Sell,4528.447012,4528.899902,4528.447012,4529.352792,0.0002,-0.004112,0.0036,0.0036,0.0005,True,True,True,55,45,-0.153085,-18.552988,-8.95289,-0.153085,-15.95289,-14.45289,-0.153085,-17.45289,-13.45289,-0.153085,-18.552988,-5.153085
6624,2026-05-22T05:55:00+00:00,XAUUSD,Sell,4511.948662,4512.399902,4511.948662,4512.851142,0.0002,-0.004764,0.0036,0.0036,0.0005,True,True,True,55,45,0.848565,-24.751533,-15.751533,0.848565,-17.651435,-10.751533,0.848565,-17.651435,-10.95124,0.848565,-19.95124,-20.95124
6681,2026-05-22T10:40:00+00:00,XAUUSD,Sell,4513.148738,4513.600098,4513.148738,4514.051458,0.0002,-0.00384,0.0036,0.0036,0.0005,True,True,True,55,45,25.148738,-24.251165,-9.351262,1.748835,-10.851262,-6.45136,1.748835,-24.251165,-5.251165,1.948542,-24.251165,8.04864
6723,2026-05-22T14:10:00+00:00,XAUUSD,Sell,4497.5502,4498.0,4497.5502,4498.4498,0.0002,-0.004339,0.0036,0.0036,0.0005,True,True,True,55,45,8.650298,-32.349702,-14.049898,8.650298,-15.249605,-22.849702,8.650298,-25.649995,-23.249605,8.650298,-30.849702,-18.149995
6805,2026-05-26T04:00:00+00:00,XAUUSD,Buy,4541.554208,4541.100098,4540.645988,4541.554208,0.0002,0.007745,0.0036,0.0036,0.0005,True,True,True,75,45,-0.254403,-19.754403,-12.354012,-0.254403,-18.154305,-10.354012,-0.254403,-18.154305,-9.254403,-0.254403,-18.154305,-5.45411
6806,2026-05-26T04:05:00+00:00,XAUUSD,Buy,4540.253785,4539.799805,4539.345825,4540.253785,0.0002,0.007054,0.0036,0.0036,0.0005,True,True,True,65,45,0.146118,-18.45398,-9.353882,0.146118,-16.853882,-9.053589,0.146118,-16.853882,-12.153687,0.146118,-16.853882,-6.753785
6807,2026-05-26T04:10:00+00:00,XAUUSD,Buy,4538.753635,4538.299805,4537.845975,4538.753635,0.0002,0.00661,0.0036,0.0036,0.0005,True,True,False,45,45,1.446561,-16.95383,-9.053439,1.446561,-15.353732,-6.753635,1.446561,-15.353732,-9.753635,1.446561,-15.353732,-11.053439
6896,2026-05-26T11:35:00+00:00,XAUUSD,Sell,4510.448812,4510.899902,4510.448812,4511.350992,0.0002,-0.004304,0.0036,0.0036,0.0005,True,True,True,55,45,10.248617,-21.850992,8.448812,10.248617,-5.45109,-14.751383,10.248617,-19.151285,-12.651285,10.248617,-21.850992,2.748617
6912,2026-05-26T12:55:00+00:00,XAUUSD,Buy,4521.152265,4520.700195,4520.248125,4521.152265,0.0002,0.004154,0.0036,0.0036,0.0005,True,True,True,55,45,11.147539,-21.852461,-6.552168,11.147539,-8.552168,-5.552168,11.147539,-12.852461,-14.45207,11.147539,-18.652265,-15.95207
7029,2026-05-26T23:40:00+00:00,XAUUSD,Buy,4526.4526,4526.0,4525.5474,4526.4526,0.0002,0.004483,0.0036,0.0036,0.0005,True,True,True,55,45,1.647498,-28.652795,-8.4526,1.647498,-12.852502,-17.152795,1.647498,-17.852502,-26.152795,1.647498,-28.352502,-23.4526
7090,2026-05-27T04:45:00+00:00,XAUUSD,Buy,4516.651815,4516.200195,4515.748575,4516.651815,0.0002,0.003734,0.0036,0.0036,0.0005,True,True,True,55,45,11.647989,-38.151815,-20.852011,-0.852011,-26.151815,-29.051718,-0.852011,-38.151815,-5.551718,3.948282,-38.151815,10.348185
7123,2026-05-27T07:30:00+00:00,XAUUSD,Buy,4518.051858,4517.600098,4517.148338,4518.051858,0.0002,0.008438,0.0036,0.0036,0.0005,True,True,True,75,45,11.448142,-55.651955,1.54824,6.348045,-12.151955,3.747947,11.448142,-12.151955,-12.95176,11.448142,-14.95176,-51.45176
7124,2026-05-27T07:35:00+00:00,XAUUSD,Buy,4515.251285,4514.799805,4514.348325,4515.251285,0.0002,0.007004,0.0036,0.0036,0.0005,True,True,False,45,45,14.248715,-52.851382,8.248715,9.148618,-9.351382,7.54852,14.248715,-9.351382,-21.45148,14.248715,-22.95148,-44.051089
7125,2026-05-27T07:40:00+00:00,XAUUSD,Buy,4514.851342,4514.399902,4513.948462,4514.851342,0.0002,0.006353,0.0036,0.0036,0.0005,True,True,False,45,45,14.648658,-52.45144,12.448462,13.04856,-8.95144,5.148658,14.648658,-8.95144,-18.651147,14.648658,-22.551538,-41.45144
7126,2026-05-27T07:45:00+00:00,XAUUSD,Buy,4511.551208,4511.100098,4510.648988,4511.551208,0.0002,0.005707,0.0036,0.0036,0.0005,True,True,False,45,45,17.948792,-49.151305,15.448792,16.748597,-5.651305,9.448792,17.948792,-5.651305,-32.851012,17.948792,-38.851012,-42.751403
7160,2026-05-27T10:35:00+00:00,XAUUSD,Sell,4493.350425,4493.799805,4493.350425,4494.249185,0.0002,-0.003879,0.0036,0.0036,0.0005,True,True,True,55,45,62.350425,-7.049478,22.150229,30.950522,-7.049478,10.450522,39.05062,-7.049478,44.55062,62.350425,-7.049478,17.850425
7162,2026-05-27T10:45:00+00:00,XAUUSD,Sell,4478.252325,4478.700195,4478.252325,4479.148065,0.0002,-0.006566,0.0036,0.0036,0.0005,True,True,True,65,45,47.252325,-18.247675,9.452521,15.852423,-5.647577,2.952521,23.952521,-18.247675,26.652228,47.252325,-18.247675,8.852423
7163,2026-05-27T10:50:00+00:00,XAUUSD,Sell,4474.5525,4475.0,4474.5525,4475.4475,0.0002,-0.006681,0.0036,0.0036,0.0005,True,True,True,65,45,43.5525,-21.9475,10.952402,12.152598,-9.347402,-1.9475,20.252695,-21.9475,17.952402,43.5525,-21.9475,3.252695
7182,2026-05-27T12:25:00+00:00,XAUUSD,Buy,4485.4485,4485.0,4484.5515,4485.4485,0.0002,0.004974,0.0036,0.0036,0.0005,True,False,True,55,45,4.951402,-54.4485,-51.4485,4.951402,-54.4485,-8.548598,4.951402,-54.4485,-17.848402,4.951402,-54.4485,-7.148695
7183,2026-05-27T12:30:00+00:00,XAUUSD,Buy,4478.247585,4477.799805,4477.352025,4478.247585,0.0002,0.003968,0.0036,0.0036,0.0005,True,True,True,55,45,8.952611,-47.247585,-23.847682,5.652318,-47.247585,-5.94778,8.952611,-47.247585,-8.147487,8.952611,-47.247585,1.752415
7190,2026-05-27T13:05:00+00:00,XAUUSD,Sell,4444.455412,4444.899902,4444.455412,4445.344392,0.0002,-0.006793,0.0036,0.0036,0.0005,True,True,True,65,45,13.455412,-42.744783,-31.044588,13.455412,-35.344392,-16.544588,13.455412,-42.744783,-24.044588,13.455412,-42.744783,-29.844392
7191,2026-05-27T13:10:00+00:00,XAUUSD,Sell,4446.655388,4447.100098,4446.655388,4447.544808,0.0002,-0.006568,0.0036,0.0036,0.0005,True,True,True,65,45,15.655388,-40.544808,-32.344612,15.655388,-40.544808,-16.744515,15.655388,-40.544808,-25.044808,15.655388,-40.544808,-28.744515
7192,2026-05-27T13:15:00+00:00,XAUUSD,Sell,4441.5558,4442.0,4441.5558,4442.4442,0.0002,-0.006131,0.0036,0.0036,0.0005,True,True,True,65,45,10.5558,-45.644395,-40.9442,10.5558,-45.644395,-20.744005,10.5558,-45.644395,-31.844102,10.5558,-45.644395,-36.344102
7198,2026-05-27T13:45:00+00:00,XAUUSD,Buy,4452.045258,4451.600098,4451.154938,4452.045258,0.0002,0.003969,0.0036,0.0036,0.0005,True,True,True,55,45,35.154938,-1.645355,17.354645,35.154938,-1.645355,12.05484,35.154938,-1.645355,31.754547,35.154938,-1.645355,30.454742
7201,2026-05-27T14:00:00+00:00,XAUUSD,Buy,4469.94695,4469.5,4469.05305,4469.94695,0.0002,0.004382,0.0036,0.0036,0.0005,True,True,True,55,45,17.253245,-10.44695,-2.147145,17.253245,-8.44695,-0.846852,17.253245,-10.44695,10.653148,17.253245,-10.44695,11.05305
7202,2026-05-27T14:05:00+00:00,XAUUSD,Buy,4475.94755,4475.5,4475.05245,4475.94755,0.0002,0.005369,0.0036,0.0036,0.0005,True,True,True,55,45,11.252645,-16.44755,-14.94755,11.252645,-15.94755,-7.44755,11.252645,-16.44755,-1.647745,11.252645,-16.44755,3.352255
7203,2026-05-27T14:10:00+00:00,XAUUSD,Buy,4479.4479,4479.0,4478.5521,4479.4479,0.0002,0.005026,0.0036,0.0036,0.0005,True,True,True,55,45,7.351905,-19.9479,-16.047998,7.351905,-19.9479,-7.747705,7.351905,-19.9479,-4.047998,7.351905,-19.9479,1.952002
7204,2026-05-27T14:15:00+00:00,XAUUSD,Buy,4482.94825,4482.5,4482.05175,4482.94825,0.0002,0.005451,0.0036,0.0036,0.0005,True,True,True,65,45,3.851555,-23.44825,-20.648445,3.851555,-23.44825,-9.548348,3.851555,-23.44825,-5.048348,3.851555,-23.44825,1.251945
7324,2026-05-28T01:15:00+00:00,XAUUSD,Sell,4463.453512,4463.899902,4463.453512,4464.346292,0.0002,-0.005281,0.0036,0.0036,0.0005,True,True,True,55,45,67.853415,-2.146585,28.853415,36.753317,-2.146585,48.953512,51.253317,-2.146585,64.453512,65.453512,-2.146585,60.153708
7326,2026-05-28T01:25:00+00:00,XAUUSD,Sell,4449.354825,4449.799805,4449.354825,4450.244785,0.0002,-0.005631,0.0036,0.0036,0.0005,True,True,True,65,45,53.754727,-7.845371,12.454922,22.654629,-7.845371,31.454922,37.654629,-7.845371,51.254727,53.754727,-7.845371,42.05502
7376,2026-05-28T05:35:00+00:00,XAUUSD,Buy,4420.442,4420.0,4419.558,4420.442,0.0002,0.003793,0.0036,0.0036,0.0005,True,True,True,55,45,8.558,-16.642195,-8.942,5.058,-16.642195,-1.642195,5.558,-16.642195,0.758195,5.558,-16.642195,2.058
7383,2026-05-28T06:10:00+00:00,XAUUSD,Sell,4404.859275,4405.299805,4404.859275,4405.740335,0.0002,-0.003844,0.0036,0.0036,0.0005,True,True,True,55,45,1.05947,-29.44053,-13.740823,1.05947,-17.340921,-17.640725,1.05947,-21.140725,-14.44053,1.05947,-21.140725,-24.540628
7438,2026-05-28T10:45:00+00:00,XAUUSD,Sell,4410.658988,4411.100098,4410.658988,4411.541208,0.0002,-0.004626,0.0036,0.0036,0.0005,True,True,True,55,45,5.158988,-100.740915,-2.94111,5.158988,-10.341012,-29.841012,5.158988,-30.341012,-44.94111,5.158988,-58.740915,-87.240915
7439,2026-05-28T10:50:00+00:00,XAUUSD,Sell,4412.258925,4412.700195,4412.258925,4413.141465,0.0002,-0.003613,0.0036,0.0036,0.0005,True,True,True,55,45,2.459121,-99.140977,-1.44127,1.359023,-8.741075,-38.44127,2.459121,-39.44127,-48.44127,2.459121,-57.140977,-88.540879
7461,2026-05-28T12:40:00+00:00,XAUUSD,Buy,4433.543408,4433.100098,4432.656788,4433.543408,0.0002,0.004987,0.0036,0.0036,0.0005,True,True,True,55,45,103.55669,-1.543408,18.856495,35.856495,-1.543408,66.05669,70.856495,-1.543408,75.956592,82.356495,-1.543408,101.456592
7462,2026-05-28T12:45:00+00:00,XAUUSD,Buy,4440.94405,4440.5,4440.05595,4440.94405,0.0002,0.005776,0.0036,0.0036,0.0005,True,True,True,65,45,98.256145,-1.544148,14.656048,28.455852,-1.544148,56.955852,70.455852,-1.544148,68.55595,74.955852,-1.544148,94.656048
7463,2026-05-28T12:50:00+00:00,XAUUSD,Buy,4451.145265,4450.700195,4450.255125,4451.145265,0.0002,0.006354,0.0036,0.0036,0.0005,True,True,True,65,45,89.254637,-3.145265,9.55493,18.254637,-3.145265,49.654539,60.254637,-3.145265,59.354735,64.754637,-3.145265,87.654539
7464,2026-05-28T12:55:00+00:00,XAUUSD,Buy,4462.346092,4461.899902,4461.453712,4462.346092,0.0002,0.007428,0.0036,0.0036,0.0005,True,True,True,75,45,79.653908,-14.346092,-1.745995,7.05381,-14.346092,37.953712,49.05381,-14.346092,50.153908,53.55381,-14.346092,79.453712
7465,2026-05-28T13:00:00+00:00,XAUUSD,Buy,4463.346192,4462.899902,4462.453612,4463.346192,0.0002,0.006722,0.0036,0.0036,0.0005,True,True,True,65,45,82.05371,-15.346192,-8.44629,6.05371,-15.346192,42.253905,48.05371,-15.346192,47.55371,52.55371,-15.346192,77.55371
7479,2026-05-28T14:10:00+00:00,XAUUSD,Buy,4495.649715,4495.200195,4494.750675,4495.649715,0.0002,0.007734,0.0036,0.0036,0.0005,True,False,False,55,45,51.450382,-13.94952,5.950382,15.750187,-13.94952,19.250187,20.650089,-13.94952,39.05048,49.750187,-13.94952,42.350285
7480,2026-05-28T14:15:00+00:00,XAUUSD,Buy,4495.149665,4494.700195,4494.250725,4495.149665,0.0002,0.007645,0.0036,0.0036,0.0005,True,False,False,55,45,51.950432,-11.849861,7.55053,16.250237,-11.849861,32.750237,33.05053,-11.849861,39.850335,50.250237,-11.849861,44.950432
7481,2026-05-28T14:20:00+00:00,XAUUSD,Buy,4492.749035,4492.299805,4491.850575,4492.749035,0.0002,0.008395,0.0036,0.0036,0.0005,True,True,False,55,45,54.351063,-9.44923,13.650868,18.650868,-9.44923,40.150868,40.650868,-9.44923,42.851063,52.650868,-9.44923,45.750965
7505,2026-05-28T16:20:00+00:00,XAUUSD,Buy,4533.353192,4532.899902,4532.446612,4533.353192,0.0002,0.004877,0.0036,0.0036,0.0005,True,True,True,55,45,13.746905,-7.753095,2.246905,12.04671,-5.353192,5.146808,13.746905,-5.353192,-0.053388,13.746905,-5.353192,-5.053388
7506,2026-05-28T16:25:00+00:00,XAUUSD,Buy,4531.4531,4531.0,4530.5469,4531.4531,0.0002,0.004211,0.0036,0.0036,0.0005,True,True,True,55,45,15.646998,-5.853002,1.0469,13.946802,-3.4531,5.5469,15.646998,-3.4531,-0.653295,15.646998,-3.4531,-1.4531
7599,2026-05-29T01:10:00+00:00,XAUUSD,Buy,4545.654715,4545.200195,4544.745675,4545.654715,0.0002,0.004531,0.0036,0.0036,0.0005,True,True,True,55,45,5.54548,-20.45452,-8.45452,5.54548,-14.554618,-18.554618,5.54548,-20.45452,-13.054618,5.54548,-20.45452,-2.754813
7600,2026-05-29T01:15:00+00:00,XAUUSD,Buy,4549.354792,4548.899902,4548.445012,4549.354792,0.0002,0.005215,0.0036,0.0036,0.0005,True,True,True,55,45,1.245305,-24.154597,-13.254695,1.245305,-18.254695,-23.154597,1.245305,-24.154597,-14.154597,1.245305,-24.154597,-6.554988
7757,2026-05-29T14:20:00+00:00,XAUUSD,Sell,4561.443712,4561.899902,4561.443712,4562.356092,0.0002,-0.003713,0.0036,0.0036,0.0005,True,False,True,55,45,5.343615,-65.656385,-54.856092,5.343615,-65.656385,-33.556288,5.343615,-65.656385,-34.856092,5.343615,-65.656385,-28.45619
7758,2026-05-29T14:25:00+00:00,XAUUSD,Sell,4560.5439,4561.0,4560.5439,4561.4561,0.0002,-0.004627,0.0036,0.0036,0.0005,True,True,True,55,45,4.443802,-66.556198,-49.4561,4.443802,-66.556198,-33.356002,4.443802,-66.556198,-32.156295,4.443802,-66.556198,-29.755905
7764,2026-05-29T14:55:00+00:00,XAUUSD,Buy,4595.659715,4595.200195,4594.740675,4595.659715,0.0002,0.007123,0.0036,0.0036,0.0005,True,True,True,65,45,31.440382,-14.059618,6.440382,31.440382,-8.359911,2.04048,31.440382,-8.359911,-11.259813,31.440382,-13.259813,-11.45952
7765,2026-05-29T15:00:00+00:00,XAUUSD,Buy,4609.96095,4609.5,4609.03905,4609.96095,0.0002,0.008357,0.0036,0.0036,0.0005,True,True,True,75,45,17.139148,-28.360852,-10.96095,17.139148,-22.661145,-15.360852,17.139148,-22.661145,-21.661145,17.139148,-27.561048,-24.360852
7766,2026-05-29T15:05:00+00:00,XAUUSD,Buy,4620.062058,4619.600098,4619.138138,4620.062058,0.0002,0.010699,0.0036,0.0036,0.0005,True,True,True,75,45,7.03804,-38.46196,-25.062058,7.03804,-32.762253,-21.361862,7.03804,-32.762253,-31.262253,7.03804,-37.662155,-30.162155
7767,2026-05-29T15:10:00+00:00,XAUUSD,Buy,4621.96215,4621.5,4621.03785,4621.96215,0.0002,0.007302,0.0036,0.0036,0.0005,True,True,True,75,45,1.337655,-40.362052,-27.46215,1.337655,-34.662345,-27.062248,1.337655,-34.662345,-32.761955,1.337655,-39.562248,-32.162345
7768,2026-05-29T15:15:00+00:00,XAUUSD,Buy,4620.562108,4620.100098,4619.638088,4620.562108,0.0002,0.005419,0.0036,0.0036,0.0005,True,True,True,65,45,0.237697,-38.96201,-24.562108,0.237697,-33.262303,-24.262303,0.237697,-33.262303,-30.762303,0.237697,-38.162205,-31.562108
7773,2026-05-29T15:40:00+00:00,XAUUSD,Sell,4597.440112,4597.899902,4597.440112,4598.359692,0.0002,-0.003986,0.0036,0.0036,0.0005,True,True,True,55,45,15.840015,-7.059888,-3.059888,10.140308,-7.059888,12.640308,13.54021,-7.059888,8.340015,15.04021,-7.059888,14.739917
7840,2026-05-31T22:25:00+00:00,XAUUSD,Sell,4563.443512,4563.899902,4563.443512,4564.356292,0.0002,-0.006336,0.0036,0.0036,0.0005,True,True,False,45,45,9.04361,-13.856292,-12.256683,2.143708,-12.356292,-10.356292,2.143708,-13.856292,3.643708,7.143708,-13.856292,2.443512
8017,2026-06-01T13:10:00+00:00,XAUUSD,Sell,4513.448512,4513.899902,4513.448512,4514.351292,0.0002,-0.004784,0.0036,0.0036,0.0005,True,True,True,55,45,37.448512,-5.651585,22.248317,37.448512,-5.651585,19.348415,37.448512,-5.651585,15.948512,37.448512,-5.651585,8.148708
8018,2026-06-01T13:15:00+00:00,XAUUSD,Sell,4511.648888,4512.100098,4511.648888,4512.551308,0.0002,-0.004391,0.0036,0.0036,0.0005,True,True,True,55,45,35.648888,-1.45121,24.748985,35.648888,-1.150917,16.54879,35.648888,-1.150917,14.849083,35.648888,-1.150917,5.748985
8019,2026-06-01T13:20:00+00:00,XAUUSD,Sell,4495.5504,4496.0,4495.5504,4496.4496,0.0002,-0.007856,0.0036,0.0036,0.0005,True,True,True,75,45,19.5504,-17.549698,10.850205,19.5504,-12.9496,-1.349502,19.5504,-12.9496,-2.749405,19.5504,-14.9496,-9.649795
8020,2026-06-01T13:25:00+00:00,XAUUSD,Sell,4493.950462,4494.399902,4493.950462,4494.849342,0.0002,-0.0081,0.0036,0.0036,0.0005,True,True,True,75,45,17.950462,-19.249733,8.05056,17.950462,-14.549538,-4.749733,17.950462,-14.549538,-4.149635,17.950462,-16.549538,-18.849342
8021,2026-06-01T13:30:00+00:00,XAUUSD,Sell,4495.150538,4495.600098,4495.150538,4496.049658,0.0002,-0.004054,0.0036,0.0036,0.0005,True,True,True,55,45,19.150538,-20.749365,6.55044,19.150538,-13.349462,-11.94956,19.150538,-13.849462,-4.349462,19.150538,-15.349462,-16.349462
8026,2026-06-01T13:55:00+00:00,XAUUSD,Sell,4479.652088,4480.100098,4479.652088,4480.548108,0.0002,-0.005041,0.0036,0.0036,0.0005,True,True,True,55,45,3.652088,-45.94801,-8.847912,3.652088,-15.247815,-24.44801,3.652088,-30.847912,-30.94801,3.652088,-33.44801,-37.847912
8213,2026-06-02T06:30:00+00:00,XAUUSD,Buy,4566.156765,4565.700195,4565.243625,4566.156765,0.0002,0.003715,0.0036,0.0036,0.0005,True,True,True,55,45,5.143039,-15.256863,-2.656765,5.143039,-4.356961,-3.756863,5.143039,-8.156765,-10.656765,5.143039,-14.756863,-8.556668
8403,2026-06-02T23:20:00+00:00,XAUUSD,Sell,4495.850175,4496.299805,4495.850175,4496.749435,0.0002,-0.003921,0.0036,0.0036,0.0005,True,True,True,55,45,5.350175,-29.249923,-11.149825,5.350175,-14.850021,1.450272,5.350175,-29.249923,-10.44963,5.350175,-29.249923,-17.649825
8419,2026-06-03T00:40:00+00:00,XAUUSD,Buy,4524.652615,4524.200195,4523.747775,4524.652615,0.0002,0.003816,0.0036,0.0036,0.0005,True,True,True,55,45,-0.352811,-33.45242,-26.45242,-0.352811,-33.45242,-17.45242,-0.352811,-33.45242,-11.95242,-0.352811,-33.45242,-23.352811
8423,2026-06-03T01:00:00+00:00,XAUUSD,Sell,4501.250025,4501.700195,4501.250025,4502.150365,0.0002,-0.004973,0.0036,0.0036,0.0005,True,True,True,55,45,10.04983,-14.850072,-0.649877,10.04983,-4.350072,-12.95017,10.04983,-14.049779,-12.749975,10.04983,-14.249975,2.250025
8424,2026-06-03T01:05:00+00:00,XAUUSD,Sell,4501.749975,4502.200195,4501.749975,4502.650415,0.0002,-0.003828,0.0036,0.0036,0.0005,True,True,True,55,45,10.54978,-14.350122,-4.549829,10.54978,-5.250025,-11.750025,10.54978,-13.750025,-12.549829,10.54978,-13.750025,3.249975
8425,2026-06-03T01:10:00+00:00,XAUUSD,Sell,4499.650088,4500.100098,4499.650088,4500.550108,0.0002,-0.003808,0.0036,0.0036,0.0005,True,True,True,55,45,8.449892,-16.45001,-9.149717,8.449892,-9.849912,-13.050108,8.449892,-15.849912,-15.149717,8.449892,-15.849912,-1.550108
8426,2026-06-03T01:15:00+00:00,XAUUSD,Sell,4497.05025,4497.5,4497.05025,4497.94975,0.0002,-0.003744,0.0036,0.0036,0.0005,True,True,True,55,45,5.850055,-19.049848,-7.349652,5.850055,-12.44975,-16.249555,5.850055,-18.44975,-12.249555,5.850055,-19.049848,-3.149945
8524,2026-06-03T09:25:00+00:00,XAUUSD,Sell,4468.153238,4468.600098,4468.153238,4469.046958,0.0002,-0.003768,0.0036,0.0036,0.0005,True,True,True,55,45,0.55314,-28.346762,-20.44686,0.55314,-27.846762,-24.746665,0.55314,-28.346762,-12.646567,0.55314,-28.346762,-9.046958
8533,2026-06-03T10:10:00+00:00,XAUUSD,Buy,4492.149365,4491.700195,4491.251025,4492.149365,0.0002,0.004428,0.0036,0.0036,0.0005,True,True,True,55,45,4.350635,-38.149365,-1.94917,4.350635,-10.549268,-4.649365,4.350635,-10.549268,-1.149365,4.350635,-15.849561,-9.649365
8534,2026-06-03T10:15:00+00:00,XAUUSD,Buy,4491.248885,4490.799805,4490.350725,4491.248885,0.0002,0.004361,0.0036,0.0036,0.0005,True,True,True,55,45,5.251115,-37.248885,-1.848982,5.251115,-9.648787,-6.848982,5.251115,-9.648787,-5.348982,5.251115,-14.94908,-15.348982
8575,2026-06-03T13:40:00+00:00,XAUUSD,Sell,4454.854275,4455.299805,4454.854275,4455.745335,0.0002,-0.005225,0.0036,0.0036,0.0005,True,True,True,55,45,0.854275,-33.44553,-21.345921,0.854275,-31.645725,-13.545628,0.854275,-33.44553,-12.245823,0.854275,-33.44553,-13.645725
8579,2026-06-03T14:00:00+00:00,XAUUSD,Buy,4474.747235,4474.299805,4473.852375,4474.747235,0.0002,0.004265,0.0036,0.0036,0.0005,True,True,True,55,45,13.55257,-13.647137,6.652668,13.55257,-2.347332,-4.547039,13.55257,-9.94743,-2.347332,13.55257,-13.647137,-6.94743
8722,2026-06-04T02:55:00+00:00,XAUUSD,Buy,4502.4502,4502.0,4501.5498,4502.4502,0.0002,0.003813,0.0036,0.0036,0.0005,True,True,True,55,45,8.749995,-17.350102,-11.850102,1.749995,-17.350102,5.649898,8.749995,-17.350102,-6.4502,8.749995,-17.350102,-7.750005
8829,2026-06-04T11:50:00+00:00,XAUUSD,Buy,4531.752935,4531.299805,4530.846675,4531.752935,0.0002,0.004077,0.0036,0.0036,0.0005,True,True,True,55,45,11.447261,-47.95313,4.146968,10.646968,-12.95313,-5.353032,11.447261,-12.95313,-40.752935,11.447261,-47.95313,-26.252935
8830,2026-06-04T11:55:00+00:00,XAUUSD,Buy,4539.654115,4539.200195,4538.746275,4539.654115,0.0002,0.005204,0.0036,0.0036,0.0005,True,True,True,55,45,3.54608,-55.854311,-8.054018,2.245787,-20.854311,-15.95392,3.54608,-20.854311,-46.554018,3.54608,-55.854311,-34.754213
8834,2026-06-04T12:15:00+00:00,XAUUSD,Sell,4519.548,4520.0,4519.548,4520.452,0.0002,-0.00423,0.0036,0.0036,0.0005,True,True,True,55,45,35.748195,-23.652195,-16.251805,-0.152195,-19.251805,4.048,6.248195,-23.652195,18.248195,35.748195,-23.652195,8.248195
8855,2026-06-04T14:00:00+00:00,XAUUSD,Sell,4522.747875,4523.200195,4522.747875,4523.652515,0.0002,-0.004271,0.0036,0.0036,0.0005,True,True,True,55,45,38.948071,-5.051929,24.948071,38.948071,-5.051929,18.747875,38.948071,-5.051929,13.448071,38.948071,-5.051929,17.948071
8856,2026-06-04T14:05:00+00:00,XAUUSD,Sell,4517.748375,4518.200195,4517.748375,4518.652015,0.0002,-0.004319,0.0036,0.0036,0.0005,True,True,True,55,45,33.948571,-3.851722,19.848473,33.948571,-3.851722,7.54818,33.948571,-3.851722,10.448571,33.948571,-3.851722,12.648278
8864,2026-06-04T14:45:00+00:00,XAUUSD,Sell,4493.5506,4494.0,4493.5506,4494.4494,0.0002,-0.004342,0.0036,0.0036,0.0005,True,True,True,55,45,9.750795,-19.649595,-8.349302,9.750795,-11.4494,-15.349302,9.750795,-19.649595,-13.149595,9.750795,-19.649595,-9.549498
8865,2026-06-04T14:50:00+00:00,XAUUSD,Sell,4490.5509,4491.0,4490.5509,4491.4491,0.0002,-0.004654,0.0036,0.0036,0.0005,True,True,True,55,45,3.450802,-22.649295,-14.9491,3.450802,-16.049198,-18.748905,3.450802,-22.649295,-15.748905,3.450802,-22.649295,-15.549198
9113,2026-06-05T12:30:00+00:00,XAUUSD,Sell,4478.752275,4479.200195,4478.752275,4479.648115,0.0002,-0.003781,0.0036,0.0036,0.0005,True,False,True,55,45,131.252275,-1.647627,48.05208,55.452471,-1.647627,100.452471,104.452471,-1.647627,106.952471,109.352373,-1.647627,124.952471
9114,2026-06-05T12:35:00+00:00,XAUUSD,Sell,4469.553,4470.0,4469.553,4470.447,0.0002,-0.006645,0.0036,0.0036,0.0005,True,True,True,65,45,122.053,-6.147195,52.053,58.352805,-6.147195,96.352805,97.352805,-6.147195,103.952902,108.253195,-6.147195,113.253195
9115,2026-06-05T12:40:00+00:00,XAUUSD,Sell,4471.652888,4472.100098,4471.652888,4472.547308,0.0002,-0.005139,0.0036,0.0036,0.0005,True,True,True,55,45,124.152888,-4.047308,56.952692,60.452692,-4.047308,97.252985,102.252985,-4.047308,108.353083,111.152888,-4.047308,119.252985
9116,2026-06-05T12:45:00+00:00,XAUUSD,Sell,4466.153438,4466.600098,4466.153438,4467.046758,0.0002,-0.005433,0.0036,0.0036,0.0005,True,True,True,65,45,118.653438,-0.94666,57.05334,57.753535,-0.94666,84.853633,96.753535,-0.94666,101.753535,105.653438,-0.94666,107.55334
9117,2026-06-05T12:50:00+00:00,XAUUSD,Sell,4442.5557,4443.0,4442.5557,4443.4443,0.0002,-0.008082,0.0036,0.0036,0.0005,True,True,True,75,45,95.0557,-4.044398,32.255895,35.755895,-4.044398,54.855505,73.155798,-4.044398,77.0557,82.0557,-4.044398,79.5557
9118,2026-06-05T12:55:00+00:00,XAUUSD,Sell,4431.656888,4432.100098,4431.656888,4432.543308,0.0002,-0.008479,0.0036,0.0036,0.0005,True,True,True,75,45,84.156888,-14.94321,41.156888,41.656888,-14.94321,37.05679,62.256985,-14.94321,71.256985,72.857083,-14.94321,62.55679
9119,2026-06-05T13:00:00+00:00,XAUUSD,Sell,4437.156338,4437.600098,4437.156338,4438.043858,0.0002,-0.007714,0.0036,0.0036,0.0005,True,True,True,75,45,89.656338,-9.44376,40.55624,48.856533,-9.44376,44.05624,67.756435,-9.44376,78.05624,82.456142,-9.44376,68.356533
9120,2026-06-05T13:05:00+00:00,XAUUSD,Sell,4441.655888,4442.100098,4441.655888,4442.544308,0.0002,-0.005485,0.0036,0.0036,0.0005,True,True,False,45,45,94.155888,-4.94421,42.455692,53.55579,-4.94421,54.755985,72.255985,-4.94421,83.856083,87.655888,-4.94421,77.655888
9126,2026-06-05T13:35:00+00:00,XAUUSD,Sell,4417.05825,4417.5,4417.05825,4417.94175,0.0002,-0.005739,0.0036,0.0036,0.0005,True,True,True,65,45,69.55825,-6.641945,43.858055,44.858055,-6.641945,51.458152,55.758445,-6.641945,60.758445,69.55825,-6.641945,47.458152
9127,2026-06-05T13:40:00+00:00,XAUUSD,Sell,4414.258725,4414.700195,4414.258725,4415.141665,0.0002,-0.004689,0.0036,0.0036,0.0005,True,True,True,55,45,66.758725,-2.041079,39.858823,44.858823,-2.041079,50.958921,53.758725,-2.041079,61.858823,66.758725,-2.041079,48.55853
9128,2026-06-05T13:45:00+00:00,XAUUSD,Sell,4408.659188,4409.100098,4408.659188,4409.541008,0.0002,-0.00483,0.0036,0.0036,0.0005,True,True,True,55,45,61.159188,-4.640617,27.359383,39.259285,-4.640617,44.259285,48.159188,-4.640617,50.05909,61.159188,-4.640617,44.259285
9129,2026-06-05T13:50:00+00:00,XAUUSD,Sell,4409.858775,4410.299805,4409.858775,4410.740835,0.0002,-0.004604,0.0036,0.0036,0.0005,True,True,True,55,45,62.358775,-1.241323,22.158579,40.458872,-1.241323,44.358775,49.358775,-1.241323,46.858775,62.358775,-1.241323,41.658579
9130,2026-06-05T13:55:00+00:00,XAUUSD,Sell,4390.06095,4390.5,4390.06095,4390.93905,0.0002,-0.006112,0.0036,0.0036,0.0005,True,True,True,65,45,42.56095,-14.139245,-4.539148,20.661048,-14.139245,29.661048,31.261145,-14.139245,20.960852,42.56095,-14.139245,23.860755
9138,2026-06-05T14:35:00+00:00,XAUUSD,Sell,4372.762875,4373.200195,4372.762875,4373.637515,0.0002,-0.00487,0.0036,0.0036,0.0005,True,True,True,55,45,31.06268,-24.536929,7.162778,11.463071,-24.536929,16.463071,25.262875,-24.536929,3.162778,25.262875,-24.536929,27.862973
9142,2026-06-05T14:55:00+00:00,XAUUSD,Buy,4395.039558,4394.600098,4394.160638,4395.039558,0.0002,0.004893,0.0036,0.0036,0.0005,True,True,True,55,45,2.260247,-55.239753,-34.639655,2.260247,-36.239753,-25.93946,2.260247,-47.539558,-28.839362,2.260247,-47.539558,-48.339362
9143,2026-06-05T15:00:00+00:00,XAUUSD,Buy,4393.539408,4393.100098,4392.660788,4393.539408,0.0002,0.004275,0.0036,0.0036,0.0005,True,True,True,55,45,0.56069,-53.739603,-34.43931,0.56069,-38.839212,-24.739603,0.56069,-46.039408,-35.539408,0.56069,-46.039408,-48.93931
9167,2026-06-05T17:00:00+00:00,XAUUSD,Buy,4369.236685,4368.799805,4368.362925,4369.236685,0.0002,0.003768,0.0036,0.0036,0.0005,True,True,True,55,45,2.763315,-32.636587,-11.236685,2.763315,-11.236685,-24.636587,2.763315,-29.43688,-30.836782,2.763315,-31.836782,-15.236685
9181,2026-06-05T18:10:00+00:00,XAUUSD,Sell,4347.06525,4347.5,4347.06525,4347.93475,0.0002,-0.004739,0.0036,0.0036,0.0005,True,True,True,55,45,10.465152,-18.234555,7.265445,7.56525,-8.334652,6.665348,10.465152,-8.334652,0.965152,10.465152,-18.234555,-7.134945
9214,2026-06-05T20:55:00+00:00,XAUUSD,Buy,4365.736335,4365.299805,4364.863275,4365.736335,0.0002,0.004094,0.0036,0.0036,0.0005,True,True,True,55,45,11.763665,-42.136237,-16.136237,-11.036139,-28.43653,2.763665,5.263665,-28.43653,-4.736335,11.763665,-28.43653,-22.836432
9218,2026-06-07T22:25:00+00:00,XAUUSD,Sell,4339.965862,4340.399902,4339.965862,4340.833942,0.0002,-0.005704,0.0036,0.0036,0.0005,True,True,True,65,45,16.365765,-37.534138,-18.034138,0.865765,-18.43404,-35.234333,0.865765,-37.534138,1.666058,5.765667,-37.534138,1.265667
9252,2026-06-08T01:15:00+00:00,XAUUSD,Sell,4341.165938,4341.600098,4341.165938,4342.034258,0.0002,-0.005589,0.0036,0.0036,0.0005,True,True,True,65,45,17.56584,-13.633867,5.366133,17.56584,-13.633867,9.366133,17.56584,-13.633867,-1.534258,17.56584,-13.633867,7.866133
9253,2026-06-08T01:20:00+00:00,XAUUSD,Sell,4345.06545,4345.5,4345.06545,4345.93455,0.0002,-0.004102,0.0036,0.0036,0.0005,True,True,True,55,45,21.465352,-9.734355,4.765645,21.465352,-9.734355,10.665548,21.465352,-9.734355,3.265645,21.465352,-9.734355,9.665548
9254,2026-06-08T01:25:00+00:00,XAUUSD,Sell,4337.865975,4338.299805,4337.865975,4338.733635,0.0002,-0.005205,0.0036,0.0036,0.0005,True,True,True,55,45,14.265877,-16.93383,-0.834221,14.265877,-16.93383,6.466072,14.265877,-16.93383,-6.134025,14.265877,-16.93383,1.665779
9306,2026-06-08T05:45:00+00:00,XAUUSD,Sell,4311.06885,4311.5,4311.06885,4311.93115,0.0002,-0.005696,0.0036,0.0036,0.0005,True,True,True,65,45,13.968752,-30.93115,-10.831052,0.269045,-25.43115,-12.531248,0.269045,-30.93115,-4.831052,1.468752,-30.93115,-14.331052
9309,2026-06-08T06:00:00+00:00,XAUUSD,Buy,4328.832742,4328.399902,4327.967062,4328.832742,0.0002,0.00364,0.0036,0.0036,0.0005,True,True,True,55,45,13.167258,-31.732645,-4.632547,7.667258,-10.732645,-10.632547,13.167258,-13.532938,-13.532938,13.167258,-19.232645,-13.732645
9310,2026-06-08T06:05:00+00:00,XAUUSD,Buy,4327.832642,4327.399902,4326.967162,4327.832642,0.0002,0.003688,0.0036,0.0036,0.0005,True,True,True,55,45,14.167358,-30.732545,-2.032838,8.667358,-9.732545,-7.832642,14.167358,-13.132447,-18.132447,14.167358,-19.032838,-8.532838
9351,2026-06-08T09:30:00+00:00,XAUUSD,Sell,4297.5702,4298.0,4297.5702,4298.4298,0.0002,-0.00364,0.0036,0.0036,0.0005,True,True,True,55,45,-0.229605,-67.529898,-30.529898,-0.229605,-32.4298,-57.529898,-0.229605,-60.9298,-55.129995,-0.229605,-61.9298,-60.129995
9371,2026-06-08T11:10:00+00:00,XAUUSD,Buy,4343.734135,4343.299805,4342.865475,4343.734135,0.0002,0.004812,0.0036,0.0036,0.0005,True,True,True,55,45,27.765865,-6.234135,3.265865,15.765865,-6.234135,4.665768,21.06567,-6.234135,0.56567,27.765865,-6.234135,6.06567
9372,2026-06-08T11:15:00+00:00,XAUUSD,Buy,4352.635415,4352.200195,4351.764975,4352.635415,0.0002,0.005963,0.0036,0.0036,0.0005,True,True,True,65,45,18.864585,-13.635415,-3.135415,6.864585,-7.835611,-3.235513,12.164389,-7.835611,-6.135415,18.864585,-11.235513,3.364585
9373,2026-06-08T11:20:00+00:00,XAUUSD,Buy,4350.734835,4350.299805,4349.864775,4350.734835,0.0002,0.005966,0.0036,0.0036,0.0005,True,True,True,65,45,20.765165,-11.734835,3.165068,8.765165,-5.93503,5.465361,14.06497,-5.93503,-7.234835,20.765165,-9.334932,9.365263
9400,2026-06-08T13:35:00+00:00,XAUUSD,Buy,4365.736335,4365.299805,4364.863275,4365.736335,0.0002,0.003656,0.0036,0.0036,0.0005,True,True,True,55,45,5.263665,-26.736335,-21.236335,3.56347,-26.736335,-4.236335,3.56347,-26.736335,0.06347,5.263665,-26.736335,-6.636237
9681,2026-06-09T14:05:00+00:00,XAUUSD,Sell,4352.264925,4352.700195,4352.264925,4353.135465,0.0002,-0.005597,0.0036,0.0036,0.0005,True,True,True,65,45,92.365023,-0.634977,32.164828,50.164828,-0.634977,64.664828,67.56473,-0.634977,65.365023,92.365023,-0.634977,60.865023
9683,2026-06-09T14:15:00+00:00,XAUUSD,Sell,4334.466412,4334.899902,4334.466412,4335.333392,0.0002,-0.004204,0.0036,0.0036,0.0005,True,True,True,55,45,74.56651,-13.533588,18.266217,32.366315,-13.533588,56.266217,57.56651,-13.533588,46.06651,74.56651,-13.533588,40.466412
9688,2026-06-09T14:40:00+00:00,XAUUSD,Sell,4308.169238,4308.600098,4308.169238,4309.030958,0.0002,-0.007875,0.0036,0.0036,0.0005,True,True,True,75,45,48.269335,-18.230665,4.06914,21.06914,-18.230665,39.269335,48.269335,-18.230665,18.669238,48.269335,-18.230665,19.469042
9689,2026-06-09T14:45:00+00:00,XAUUSD,Sell,4307.269425,4307.700195,4307.269425,4308.130965,0.0002,-0.00806,0.0036,0.0036,0.0005,True,True,True,75,45,47.369523,-19.130477,2.169328,20.169328,-19.130477,33.869523,47.369523,-19.130477,25.56923,47.369523,-19.130477,17.369523
9690,2026-06-09T14:50:00+00:00,XAUUSD,Sell,4321.5678,4322.0,4321.5678,4322.4322,0.0002,-0.003918,0.0036,0.0036,0.0005,True,True,True,55,45,61.667898,-4.832102,17.5678,34.467702,-4.832102,57.267995,61.667898,-4.832102,39.0678,61.667898,-4.832102,31.267995
9697,2026-06-09T15:25:00+00:00,XAUUSD,Sell,4302.369525,4302.799805,4302.369525,4303.230085,0.0002,-0.004005,0.0036,0.0036,0.0005,True,True,True,55,45,42.469622,-7.830671,15.269427,25.469622,-7.830671,14.969622,42.469622,-7.830671,7.169329,42.469622,-7.830671,20.769427
9698,2026-06-09T15:30:00+00:00,XAUUSD,Sell,4298.07015,4298.5,4298.07015,4298.92985,0.0002,-0.004862,0.0036,0.0036,0.0005,True,True,True,55,45,38.170248,-12.130045,11.970052,21.170248,-12.130045,7.970052,38.170248,-12.130045,2.770345,38.170248,-12.130045,14.470052
9699,2026-06-09T15:35:00+00:00,XAUUSD,Sell,4293.870375,4294.299805,4293.870375,4294.729235,0.0002,-0.005074,0.0036,0.0036,0.0005,True,True,True,55,45,33.970472,-16.329821,28.57057,33.870375,-16.329821,6.57057,33.970472,-16.329821,0.07057,33.970472,-16.329821,15.870375
9705,2026-06-09T16:05:00+00:00,XAUUSD,Sell,4287.171338,4287.600098,4287.171338,4288.028858,0.0002,-0.004065,0.0036,0.0036,0.0005,True,True,True,55,45,27.271435,-11.628467,0.271435,27.271435,-4.228565,-4.228565,27.271435,-5.528858,-2.328662,27.271435,-11.628467,5.271435
9706,2026-06-09T16:10:00+00:00,XAUUSD,Sell,4282.671788,4283.100098,4282.671788,4283.528408,0.0002,-0.004856,0.0036,0.0036,0.0005,True,True,True,55,45,22.771885,-16.128017,-2.828212,22.771885,-8.728115,-7.028408,22.771885,-10.028408,-0.328212,22.771885,-16.128017,0.271885
9707,2026-06-09T16:15:00+00:00,XAUUSD,Sell,4277.772375,4278.200195,4277.772375,4278.628015,0.0002,-0.004306,0.0036,0.0036,0.0005,True,True,True,55,45,17.872473,-21.027429,-10.627527,17.872473,-13.627527,-16.227625,17.872473,-16.727625,-1.92782,17.872473,-21.027429,-5.227625
9716,2026-06-09T17:00:00+00:00,XAUUSD,Buy,4286.92865,4286.5,4286.07135,4286.92865,0.0002,0.004123,0.0036,0.0036,0.0005,True,False,True,55,45,11.871155,-16.628845,-0.42865,5.771545,-6.728455,7.271545,11.871155,-6.728455,-2.028748,11.871155,-12.92865,-8.028748
9718,2026-06-09T17:10:00+00:00,XAUUSD,Buy,4285.92855,4285.5,4285.07145,4285.92855,0.0002,0.004972,0.0036,0.0036,0.0005,True,True,True,55,45,12.871255,-15.628745,3.771645,6.771645,-5.728355,-2.92855,12.871255,-5.728355,-3.528648,12.871255,-11.92855,-6.528648
9773,2026-06-09T22:45:00+00:00,XAUUSD,Sell,4261.973662,4262.399902,4261.973662,4262.826142,0.0002,-0.004252,0.0036,0.0036,0.0005,True,True,True,55,45,63.773467,-8.626435,26.173858,27.57376,-8.626435,34.873565,39.973662,-8.626435,45.973662,54.273467,-8.626435,50.473662
9774,2026-06-09T22:50:00+00:00,XAUUSD,Sell,4257.374025,4257.799805,4257.374025,4258.225585,0.0002,-0.004466,0.0036,0.0036,0.0005,True,True,True,55,45,59.773927,-13.226073,13.673829,24.374025,-13.226073,26.374025,35.374025,-13.226073,40.974122,50.173829,-13.226073,58.57422
9775,2026-06-09T22:55:00+00:00,XAUUSD,Sell,4259.973862,4260.399902,4259.973862,4260.825942,0.0002,-0.003811,0.0036,0.0036,0.0005,True,True,True,55,45,63.07396,-10.626235,14.873765,26.973862,-10.626235,18.373765,37.973862,-10.626235,47.773667,52.773667,-10.626235,62.174058
9780,2026-06-09T23:20:00+00:00,XAUUSD,Sell,4249.775175,4250.200195,4249.775175,4250.625215,0.0002,-0.004474,0.0036,0.0036,0.0005,True,True,True,55,45,54.275175,-2.92502,1.975371,16.775175,-2.92502,25.275175,39.07498,-2.92502,42.475371,46.57498,-2.92502,51.675078
9781,2026-06-09T23:25:00+00:00,XAUUSD,Sell,4246.775475,4247.200195,4246.775475,4247.624915,0.0002,-0.00415,0.0036,0.0036,0.0005,True,True,True,55,45,51.275475,-5.92472,6.175378,13.775475,-5.92472,21.275475,36.07528,-5.92472,34.675378,44.775475,-5.92472,45.775475
9794,2026-06-10T00:30:00+00:00,XAUUSD,Sell,4228.876875,4229.299805,4228.876875,4229.722735,0.0002,-0.004472,0.0036,0.0036,0.0005,True,True,True,55,45,33.376875,-15.223223,2.776777,18.176679,-15.223223,25.57707,30.676679,-15.223223,24.676679,33.376875,-15.223223,30.57707
9795,2026-06-10T00:35:00+00:00,XAUUSD,Sell,4230.876675,4231.299805,4230.876675,4231.722935,0.0002,-0.00433,0.0036,0.0036,0.0005,True,True,True,55,45,35.376675,-13.223423,5.776577,20.176479,-13.223423,22.176479,32.676479,-13.223423,26.976772,35.376675,-13.223423,32.57687
9796,2026-06-10T00:40:00+00:00,XAUUSD,Sell,4227.377025,4227.799805,4227.377025,4228.222585,0.0002,-0.004708,0.0036,0.0036,0.0005,True,True,True,55,45,31.877025,-16.723073,16.676829,19.176829,-16.723073,19.07722,29.176829,-16.723073,23.977122,31.877025,-16.723073,30.977122
9855,2026-06-10T05:35:00+00:00,XAUUSD,Buy,4217.521808,4217.100098,4216.678388,4217.521808,0.0002,0.004191,0.0036,0.0036,0.0005,True,True,True,55,45,27.978192,-33.521808,14.57829,27.978192,-1.121905,-3.722003,27.978192,-4.021808,-21.722003,27.978192,-33.521808,-22.42171
9856,2026-06-10T05:40:00+00:00,XAUUSD,Buy,4221.822042,4221.399902,4220.977762,4221.822042,0.0002,0.004187,0.0036,0.0036,0.0005,True,True,True,55,45,23.677958,-37.822042,8.977762,23.677958,-1.121847,-8.92214,23.677958,-10.721945,-28.522238,23.677958,-37.822042,-27.522238
9857,2026-06-10T05:45:00+00:00,XAUUSD,Buy,4226.4226,4226.0,4225.5774,4226.4226,0.0002,0.003681,0.0036,0.0036,0.0005,True,True,True,55,45,19.0774,-42.4226,0.477302,19.0774,-2.522698,-12.522698,19.0774,-15.322502,-29.222405,19.0774,-42.4226,-35.322502
9884,2026-06-10T08:00:00+00:00,XAUUSD,Sell,4186.681388,4187.100098,4186.681388,4187.518808,0.0002,-0.006124,0.0036,0.0036,0.0005,True,True,False,45,45,18.681388,-15.91871,-3.518808,2.681388,-15.318612,-5.41871,2.681388,-15.91871,2.381583,8.181388,-15.91871,17.281485
9885,2026-06-10T08:05:00+00:00,XAUUSD,Sell,4189.781175,4190.200195,4189.781175,4190.619215,0.0002,-0.005624,0.0036,0.0036,0.0005,True,True,False,45,45,22.681078,-12.818922,-3.41902,5.781175,-12.218825,7.281175,11.281175,-12.818922,5.781175,13.781175,-12.818922,22.58098
9921,2026-06-10T11:05:00+00:00,XAUUSD,Sell,4183.5816,4184.0,4183.5816,4184.4184,0.0002,-0.003857,0.0036,0.0036,0.0005,True,True,True,55,45,43.881405,-25.9184,16.381405,16.481502,-11.018498,6.381405,31.5816,-13.718205,-13.018498,31.5816,-25.9184,35.0816
9934,2026-06-10T12:10:00+00:00,XAUUSD,Sell,4158.484012,4158.899902,4158.484012,4159.315792,0.0002,-0.004333,0.0036,0.0036,0.0005,True,True,True,55,45,28.883915,-51.015988,-15.515988,6.484012,-38.815792,-39.116085,6.484012,-51.015988,12.184208,18.783817,-51.015988,6.283817
9938,2026-06-10T12:30:00+00:00,XAUUSD,Buy,4186.118765,4185.700195,4185.281625,4186.118765,0.0002,0.006444,0.0036,0.0036,0.0005,True,True,True,65,45,23.381235,-56.518668,-20.218863,10.381235,-31.218863,-2.618765,23.381235,-31.218863,-35.018668,23.381235,-50.218863,-33.818961
9939,2026-06-10T12:35:00+00:00,XAUUSD,Buy,4184.518508,4184.100098,4183.681688,4184.518508,0.0002,0.006011,0.0036,0.0036,0.0005,True,True,False,45,45,24.981492,-54.91841,4.381395,8.281297,-29.618605,-3.41841,24.981492,-29.618605,-37.018508,24.981492,-48.618605,-33.41841
9940,2026-06-10T12:40:00+00:00,XAUUSD,Buy,4183.91835,4183.5,4183.08165,4183.91835,0.0002,0.00623,0.0036,0.0036,0.0005,True,True,False,45,45,25.58165,-54.318252,19.181748,19.181748,-29.018448,-10.91835,25.58165,-29.018448,-31.818252,25.58165,-48.018448,-38.718155
9951,2026-06-10T13:35:00+00:00,XAUUSD,Buy,4189.318792,4188.899902,4188.481012,4189.318792,0.0002,0.007407,0.0036,0.0036,0.0005,True,True,True,75,45,20.181208,-62.118597,-8.218695,20.181208,-13.618597,-41.818792,20.181208,-53.41889,-38.218695,20.181208,-59.718695,-61.318792
9952,2026-06-10T13:40:00+00:00,XAUUSD,Buy,4203.520408,4203.100098,4202.679788,4203.520408,0.0002,0.008663,0.0036,0.0036,0.0005,True,True,True,75,45,5.979592,-78.820212,-30.520408,5.979592,-30.820212,-51.42031,5.979592,-67.620505,-58.320212,5.979592,-73.92031,-78.720603
9953,2026-06-10T13:45:00+00:00,XAUUSD,Buy,4209.4209,4209.0,4208.5791,4209.4209,0.0002,0.008844,0.0036,0.0036,0.0005,True,False,True,75,45,0.0791,-85.9209,-45.820802,0.0791,-48.9209,-68.4209,0.0791,-77.9209,-66.220705,0.0791,-79.820802,-75.020998
9954,2026-06-10T13:50:00+00:00,XAUUSD,Buy,4204.020458,4203.600098,4203.179738,4204.020458,0.0002,0.00905,0.0036,0.0036,0.0005,True,True,True,75,45,2.979542,-80.520458,-43.220653,2.979542,-44.020458,-60.520458,2.979542,-74.42036,-61.020458,2.979542,-74.42036,-71.220653
9964,2026-06-10T14:40:00+00:00,XAUUSD,Sell,4172.5827,4173.0,4172.5827,4173.4173,0.0002,-0.004817,0.0036,0.0036,0.0005,True,True,True,55,45,49.0827,-2.017398,20.482602,36.682798,-2.017398,27.382505,42.982602,-2.017398,47.782895,47.882505,-2.017398,44.382505
9965,2026-06-10T14:45:00+00:00,XAUUSD,Sell,4163.183738,4163.600098,4163.183738,4164.016458,0.0002,-0.004923,0.0036,0.0036,0.0005,True,True,True,55,45,39.683738,-2.716165,22.183738,31.683738,-2.716165,19.983542,33.58364,-2.716165,28.783835,39.683738,-2.716165,35.483542
9966,2026-06-10T14:50:00+00:00,XAUUSD,Sell,4160.383725,4160.799805,4160.383725,4161.215885,0.0002,-0.005426,0.0036,0.0036,0.0005,True,True,True,65,45,40.183529,-0.616275,16.883725,30.783627,-0.616275,17.383725,30.783627,-0.616275,27.58392,36.883725,-0.616275,35.383725
9967,2026-06-10T14:55:00+00:00,XAUUSD,Sell,4146.685388,4147.100098,4146.685388,4147.514808,0.0002,-0.008132,0.0036,0.0036,0.0005,True,True,True,75,45,26.485192,-13.014808,-5.214515,17.08529,-13.014808,2.08529,17.08529,-13.014808,11.785485,23.185388,-13.014808,21.685388
9968,2026-06-10T15:00:00+00:00,XAUUSD,Sell,4151.285025,4151.700195,4151.285025,4152.115365,0.0002,-0.005104,0.0036,0.0036,0.0005,True,True,True,55,45,31.985221,-8.41517,1.684928,21.684928,-8.41517,-3.714975,21.684928,-8.41517,8.08483,27.785025,-8.41517,31.58483
9969,2026-06-10T15:05:00+00:00,XAUUSD,Sell,4148.08515,4148.5,4148.08515,4148.91485,0.0002,-0.003627,0.0036,0.0036,0.0005,True,True,True,55,45,29.485052,-11.615045,-4.814752,18.485052,-11.615045,4.985052,18.485052,-11.615045,10.384955,24.58515,-11.615045,29.384955
9996,2026-06-10T17:20:00+00:00,XAUUSD,Sell,4133.986462,4134.399902,4133.986462,4134.813342,0.0002,-0.004958,0.0036,0.0036,0.0005,True,True,True,55,45,74.786511,-10.013538,-2.313342,10.486462,-10.013538,25.386365,27.786267,-10.013538,34.58656,41.686414,-10.013538,72.58656
10004,2026-06-10T18:00:00+00:00,XAUUSD,Buy,4143.614515,4143.200195,4142.785875,4143.614515,0.0002,0.004461,0.0036,0.0036,0.0005,True,True,True,55,45,0.08568,-84.414564,-23.91432,0.08568,-24.314711,-43.014418,0.08568,-45.114515,-58.014418,0.08568,-63.014418,-69.014418
10029,2026-06-10T20:05:00+00:00,XAUUSD,Sell,4094.09055,4094.5,4094.09055,4094.90945,0.0002,-0.004062,0.0036,0.0036,0.0005,True,True,True,55,45,47.890599,-17.309352,20.690648,20.990452,-9.109645,31.290501,34.890599,-9.109645,28.490452,47.890599,-9.109645,-5.809352
10030,2026-06-10T20:10:00+00:00,XAUUSD,Sell,4094.890519,4095.300049,4094.890519,4095.709579,0.0002,-0.003746,0.0036,0.0036,0.0005,True,True,True,55,45,48.690568,-16.509384,17.09047,22.490616,-8.309676,41.990616,48.690568,-8.309676,20.390519,48.690568,-8.309676,-13.109481
10043,2026-06-10T22:15:00+00:00,XAUUSD,Sell,4070.492812,4070.899902,4070.492812,4071.306992,0.0002,-0.005667,0.0036,0.0036,0.0005,True,True,True,65,45,24.292861,-68.007188,9.292861,24.292861,-21.807236,-16.707139,24.292861,-24.90709,-44.306992,24.292861,-50.507188,-43.707383
10044,2026-06-10T22:20:00+00:00,XAUUSD,Sell,4060.993762,4061.399902,4060.993762,4061.806042,0.0002,-0.005923,0.0036,0.0036,0.0005,True,True,True,65,45,14.793811,-77.506238,-4.206189,14.793811,-31.306286,-23.106335,14.793811,-34.40614,-62.506238,14.793811,-63.006238,-49.606335
10047,2026-06-10T22:35:00+00:00,XAUUSD,Buy,4088.90885,4088.5,4088.09115,4088.90885,0.0002,0.004323,0.0036,0.0036,0.0005,True,False,True,55,45,49.59115,-42.708899,-5.708899,3.391199,-42.708899,-3.808752,9.791345,-42.708899,46.09115,46.59115,-42.708899,-1.308752
10048,2026-06-10T22:40:00+00:00,XAUUSD,Buy,4086.308492,4085.899902,4085.491312,4086.308492,0.0002,0.006032,0.0036,0.0036,0.0005,True,True,True,65,45,52.191508,-40.108541,-8.208395,3.791605,-40.108541,-1.308492,12.391703,-40.108541,47.791605,52.191508,-40.108541,-5.808492
10051,2026-06-10T22:55:00+00:00,XAUUSD,Sell,4068.693188,4069.100098,4068.693188,4069.507008,0.0002,-0.004745,0.0036,0.0036,0.0005,True,True,True,55,45,22.493236,-69.806812,-1.006764,22.493236,-18.506764,-28.806812,22.493236,-31.306812,-53.706715,22.493236,-69.806812,-20.606861
10053,2026-06-10T23:05:00+00:00,XAUUSD,Sell,4062.393769,4062.800049,4062.393769,4063.206329,0.0002,-0.005435,0.0036,0.0036,0.0005,True,True,True,65,45,16.193818,-76.106231,-3.206329,16.193818,-24.806182,-37.506134,16.193818,-49.006134,-52.606231,16.193818,-76.106231,-35.706329
10054,2026-06-10T23:10:00+00:00,XAUUSD,Sell,4052.494612,4052.899902,4052.494612,4053.305192,0.0002,-0.005911,0.0036,0.0036,0.0005,True,True,True,65,45,4.894515,-86.005388,-22.005388,4.894515,-34.705339,-55.505388,4.894515,-58.90529,-57.505388,4.894515,-86.005388,-33.705339
10057,2026-06-10T23:25:00+00:00,XAUUSD,Buy,4084.508508,4084.100098,4083.691688,4084.508508,0.0002,0.005243,0.0036,0.0036,0.0005,True,False,True,55,45,53.991492,-26.508508,4.891395,10.891395,-26.508508,40.391395,45.191688,-26.508508,18.291297,53.991492,-26.508508,-0.208459
10058,2026-06-10T23:30:00+00:00,XAUUSD,Buy,4080.408,4080.0,4079.592,4080.408,0.0002,0.006687,0.0036,0.0036,0.0005,True,True,True,65,45,58.092,-22.408,5.791951,18.292195,-22.408,50.692098,52.891805,-22.408,13.491902,58.092,-22.408,8.192098
10059,2026-06-10T23:35:00+00:00,XAUUSD,Buy,4083.608271,4083.199951,4082.791631,4083.608271,0.0002,0.005417,0.0036,0.0036,0.0005,True,True,True,65,45,54.891729,-25.608271,1.491826,15.091924,-25.608271,51.391729,51.891729,-25.608271,3.991826,54.891729,-25.608271,8.291631
10067,2026-06-11T00:15:00+00:00,XAUUSD,Buy,4087.608671,4087.199951,4086.791231,4087.608671,0.0002,0.0043,0.0036,0.0036,0.0005,True,False,True,55,45,50.891329,-14.208769,27.191134,33.391329,-8.008574,26.591524,50.891329,-8.008574,-0.90872,50.891329,-14.208769,15.291231
10068,2026-06-11T00:20:00+00:00,XAUUSD,Buy,4084.508508,4084.100098,4083.691688,4084.508508,0.0002,0.004575,0.0036,0.0036,0.0005,True,True,True,55,45,53.991492,-11.108605,38.991492,39.491492,-4.90841,26.09159,53.991492,-4.90841,-0.708459,53.991492,-11.108605,17.691688
10069,2026-06-11T00:25:00+00:00,XAUUSD,Buy,4089.808842,4089.399902,4088.990962,4089.808842,0.0002,0.005854,0.0036,0.0036,0.0005,True,True,True,65,45,48.691158,-16.40894,35.09106,39.891353,-8.808842,12.990962,48.691158,-8.808842,-5.508794,48.691158,-16.40894,9.09106
10076,2026-06-11T01:00:00+00:00,XAUUSD,Buy,4101.110265,4100.700195,4100.290125,4101.110265,0.0002,0.003843,0.0036,0.0036,0.0005,True,True,True,55,45,37.389735,-27.710363,19.889735,37.389735,-13.710363,-5.110265,37.389735,-27.710363,-7.110265,37.389735,-27.710363,-2.510168
10078,2026-06-11T01:10:00+00:00,XAUUSD,Buy,4108.4108,4108.0,4107.5892,4108.4108,0.0002,0.004033,0.0036,0.0036,0.0005,True,True,True,55,45,30.0892,-35.010898,1.5892,30.0892,-1.510898,-22.210849,30.0892,-35.010898,-4.310702,30.0892,-35.010898,-9.810702
10079,2026-06-11T01:15:00+00:00,XAUUSD,Buy,4115.211285,4114.799805,4114.388325,4115.211285,0.0002,0.004222,0.0036,0.0036,0.0005,True,True,True,55,45,23.288715,-41.811382,-1.011089,23.288715,-7.211285,-28.511333,23.288715,-41.811382,-12.311382,23.288715,-41.811382,-14.711285
10080,2026-06-11T01:20:00+00:00,XAUUSD,Buy,4123.91235,4123.5,4123.08765,4123.91235,0.0002,0.00556,0.0036,0.0036,0.0005,True,True,True,65,45,14.58765,-50.512448,-13.312252,14.58765,-15.91235,-40.112301,14.58765,-50.512448,-21.712155,14.58765,-50.512448,-25.212155
10081,2026-06-11T01:25:00+00:00,XAUUSD,Buy,4125.312392,4124.899902,4124.487412,4125.312392,0.0002,0.006098,0.0036,0.0036,0.0005,True,True,True,65,45,13.187608,-51.91249,-22.512588,13.187608,-23.41249,-41.012344,13.187608,-51.91249,-26.41249,13.187608,-51.91249,-28.612197
10082,2026-06-11T01:30:00+00:00,XAUUSD,Buy,4131.513208,4131.100098,4130.686988,4131.513208,0.0002,0.005623,0.0036,0.0036,0.0005,True,True,True,65,45,6.986792,-58.113305,-37.613305,6.986792,-39.313256,-42.91311,6.986792,-58.113305,-32.313012,6.986792,-58.113305,-15.41311
10083,2026-06-11T01:35:00+00:00,XAUUSD,Buy,4135.4135,4135.0,4134.5865,4135.4135,0.0002,0.004909,0.0036,0.0036,0.0005,True,True,True,55,45,3.0865,-62.013598,-47.813402,3.0865,-49.713549,-43.513598,3.0865,-62.013598,-35.613695,3.0865,-62.013598,-20.513598
10089,2026-06-11T02:05:00+00:00,XAUUSD,Sell,4114.5885,4115.0,4114.5885,4115.4115,0.0002,-0.003873,0.0036,0.0036,0.0005,True,True,True,55,45,41.188598,-12.811402,16.488402,41.188598,-3.511598,13.488402,41.188598,-3.511598,13.988402,41.188598,-3.511598,13.288695
10094,2026-06-11T02:30:00+00:00,XAUUSD,Sell,4093.490512,4093.899902,4093.490512,4094.309292,0.0002,-0.003917,0.0036,0.0036,0.0005,True,False,True,55,45,20.09061,-33.90939,4.890415,20.09061,-6.309292,-5.709683,20.09061,-13.40939,-22.609585,20.09061,-23.709683,-11.709683
10095,2026-06-11T02:35:00+00:00,XAUUSD,Sell,4087.191338,4087.600098,4087.191338,4088.008858,0.0002,-0.006465,0.0036,0.0036,0.0005,True,True,True,65,45,13.791435,-40.208565,-4.708565,13.791435,-12.608467,-12.608467,13.791435,-19.708565,-27.708565,13.791435,-30.508858,-22.208565
10096,2026-06-11T02:40:00+00:00,XAUUSD,Sell,4080.09195,4080.5,4080.09195,4080.90805,0.0002,-0.007323,0.0036,0.0036,0.0005,True,True,True,75,45,6.692048,-47.307952,-9.108001,6.692048,-19.707855,-23.608245,6.692048,-26.807952,-40.008148,6.692048,-40.807952,-33.508148
10097,2026-06-11T02:45:00+00:00,XAUUSD,Sell,4075.292381,4075.699951,4075.292381,4076.107521,0.0002,-0.006605,0.0036,0.0036,0.0005,True,True,True,65,45,-1.007668,-52.107521,-11.807716,-1.007668,-24.507424,-29.407814,-1.007668,-32.107521,-46.107521,-1.007668,-52.107521,-37.107521
10100,2026-06-11T03:00:00+00:00,XAUUSD,Buy,4096.4096,4096.0,4095.5904,4096.4096,0.0002,0.003799,0.0036,0.0036,0.0005,True,False,True,55,45,30.990302,-18.309502,-2.4096,3.390205,-18.309502,2.190498,10.990302,-18.309502,9.0904,30.990302,-18.309502,19.490302
10101,2026-06-11T03:05:00+00:00,XAUUSD,Buy,4098.509908,4098.100098,4097.690288,4098.509908,0.0002,0.005496,0.0036,0.0036,0.0005,True,True,True,65,45,28.889995,-20.40981,2.59019,2.59019,-20.40981,2.09019,8.889995,-20.40981,2.789897,28.889995,-20.40981,16.389995
10133,2026-06-11T05:45:00+00:00,XAUUSD,Buy,4121.812042,4121.399902,4120.987762,4121.812042,0.0002,0.006029,0.0036,0.0036,0.0005,True,True,True,65,45,11.788055,-24.812042,-9.41214,0.58786,-24.812042,2.187958,9.687958,-24.812042,-11.512238,11.788055,-24.812042,-7.41214
10137,2026-06-11T06:05:00+00:00,XAUUSD,Sell,4100.889675,4101.299805,4100.889675,4101.709935,0.0002,-0.004877,0.0036,0.0036,0.0005,True,True,True,55,45,3.889675,-32.710423,-14.010228,3.889675,-18.010228,-31.510228,3.889675,-32.610325,-1.010228,3.889675,-32.710423,-10.510228
10212,2026-06-11T12:20:00+00:00,XAUUSD,Sell,4089.391069,4089.800049,4089.391069,4090.209029,0.0002,-0.004333,0.0036,0.0036,0.0005,True,True,True,55,45,16.59102,-39.608931,-7.608931,11.391069,-17.508834,-10.608931,16.59102,-24.908736,-10.709029,16.59102,-24.908736,-20.008834
10218,2026-06-11T12:50:00+00:00,XAUUSD,Buy,4101.309992,4100.899902,4100.489812,4101.309992,0.0002,0.004433,0.0036,0.0036,0.0005,True,True,True,55,45,27.690008,-28.509944,4.790105,12.989812,-13.309992,-3.41009,12.989812,-28.509944,10.890203,15.489812,-28.509944,-0.41009
10219,2026-06-11T12:55:00+00:00,XAUUSD,Buy,4102.91025,4102.5,4102.08975,4102.91025,0.0002,0.003866,0.0036,0.0036,0.0005,True,True,True,55,45,26.08975,-30.110201,1.389555,11.389555,-14.91025,-8.510348,11.389555,-30.110201,7.08975,13.889555,-30.110201,-1.710055
10233,2026-06-11T14:05:00+00:00,XAUUSD,Sell,4082.391769,4082.800049,4082.391769,4083.208329,0.0002,-0.00536,0.0036,0.0036,0.0005,True,True,True,55,45,9.59172,-109.408036,-19.408036,9.59172,-25.108231,-31.908036,9.59172,-34.408036,-15.108231,9.59172,-46.608231,-73.808426
10234,2026-06-11T14:10:00+00:00,XAUUSD,Sell,4081.191938,4081.600098,4081.191938,4082.008258,0.0002,-0.005967,0.0036,0.0036,0.0005,True,True,True,65,45,5.391889,-110.607867,-20.107867,5.391889,-27.607867,-42.808062,5.391889,-43.40816,-16.008258,5.391889,-47.808062,-86.308062
10235,2026-06-11T14:15:00+00:00,XAUUSD,Sell,4083.5916,4084.0,4083.5916,4084.4084,0.0002,-0.004946,0.0036,0.0036,0.0005,True,True,True,55,45,0.191698,-108.208205,-19.608595,0.191698,-25.208205,-34.308302,0.191698,-45.4084,-15.808302,0.191698,-45.4084,-98.308302
10262,2026-06-11T16:30:00+00:00,XAUUSD,Sell,4105.489312,4105.899902,4105.489312,4106.310492,0.0002,-0.004389,0.0036,0.0036,0.0005,True,True,True,55,45,12.58941,-135.810492,-65.310492,12.58941,-65.510688,-70.010688,12.58941,-86.310492,-130.310492,12.58941,-130.510688,-129.310492
10273,2026-06-11T17:25:00+00:00,XAUUSD,Buy,4122.91225,4122.5,4122.08775,4122.91225,0.0002,0.006101,0.0036,0.0036,0.0005,True,True,True,65,45,120.58775,-0.812152,50.787945,68.887555,-0.812152,93.887555,97.08775,-0.812152,112.487652,118.387555,-0.812152,112.58775
10274,2026-06-11T17:30:00+00:00,XAUUSD,Buy,4171.216885,4170.799805,4170.382725,4171.216885,0.0002,0.017963,0.0036,0.0036,0.0005,True,True,True,75,45,72.283115,-19.216885,4.283115,20.58292,-19.216885,64.58292,64.783115,-19.216885,63.58292,70.08292,-19.216885,63.883213
10275,2026-06-11T17:35:00+00:00,XAUUSD,Buy,4171.517208,4171.100098,4170.682988,4171.517208,0.0002,0.01749,0.0036,0.0036,0.0005,True,True,True,75,45,71.982792,-19.517208,6.182988,20.282597,-19.517208,58.382695,69.782597,-19.517208,60.382695,69.782597,-19.517208,65.282597
10276,2026-06-11T17:40:00+00:00,XAUUSD,Buy,4188.619015,4188.200195,4187.781375,4188.619015,0.0002,0.021188,0.0036,0.0036,0.0005,True,True,True,75,45,60.58118,-36.619015,-2.619015,-0.219113,-36.619015,42.280887,52.680789,-36.619015,41.780887,52.680789,-36.619015,58.08118
10277,2026-06-11T17:45:00+00:00,XAUUSD,Buy,4176.217385,4175.799805,4175.382225,4176.217385,0.0002,0.012929,0.0036,0.0036,0.0005,True,True,True,75,45,80.982811,-24.217385,13.58242,16.782615,-24.217385,54.882713,65.08242,-24.217385,55.882713,65.08242,-24.217385,76.782615
10280,2026-06-11T18:00:00+00:00,XAUUSD,Sell,4159.184138,4159.600098,4159.184138,4160.016058,0.0002,-0.006829,0.0036,0.0036,0.0005,True,True,True,65,45,7.184138,-108.615667,-36.615667,7.184138,-36.615667,-70.516058,7.184138,-82.115667,-70.41596,7.184138,-84.315862,-88.615667
10281,2026-06-11T18:05:00+00:00,XAUUSD,Sell,4155.784575,4156.200195,4155.784575,4156.615815,0.0002,-0.004694,0.0036,0.0036,0.0005,True,True,True,55,45,-0.815522,-112.015229,-39.315522,-0.815522,-41.615327,-80.41562,-0.815522,-85.515229,-74.315522,-0.815522,-87.715425,-90.715425
10289,2026-06-11T18:45:00+00:00,XAUUSD,Buy,4190.218785,4189.799805,4189.380825,4190.218785,0.0002,0.003857,0.0036,0.0036,0.0005,True,True,True,55,45,77.58102,-8.41898,40.881313,51.08102,-8.41898,41.881313,51.08102,-8.41898,62.781215,66.981411,-8.41898,50.681118
10294,2026-06-11T19:10:00+00:00,XAUUSD,Buy,4210.320892,4209.899902,4209.478912,4210.320892,0.0002,0.005685,0.0036,0.0036,0.0005,True,False,False,45,45,57.478912,-2.620697,25.07901,30.978912,-2.620697,20.379303,33.179108,-2.620697,34.679108,57.478912,-2.620697,26.978912
10295,2026-06-11T19:15:00+00:00,XAUUSD,Buy,4217.621915,4217.200195,4216.778475,4217.621915,0.0002,0.008152,0.0036,0.0036,0.0005,True,True,True,75,45,50.177889,-7.621915,16.57828,23.677889,-7.621915,11.57828,25.878085,-7.621915,25.378085,50.177889,-7.621915,19.878085
10297,2026-06-11T19:25:00+00:00,XAUUSD,Buy,4217.221485,4216.799805,4216.378125,4217.221485,0.0002,0.005173,0.0036,0.0036,0.0005,True,True,True,55,45,50.57832,-0.221485,18.178418,24.07832,-0.221485,18.278515,26.278515,-0.221485,20.07832,50.57832,-0.221485,24.178418
10298,2026-06-11T19:30:00+00:00,XAUUSD,Buy,4236.223385,4235.799805,4235.376225,4236.223385,0.0002,0.006152,0.0036,0.0036,0.0005,True,True,True,65,45,31.57642,-10.023189,-1.42358,5.07642,-8.023189,-1.123287,7.276615,-10.023189,1.176518,31.57642,-10.023189,6.176518
10300,2026-06-11T19:40:00+00:00,XAUUSD,Buy,4231.322992,4230.899902,4230.476812,4231.322992,0.0002,0.004177,0.0036,0.0036,0.0005,True,True,True,55,45,36.476812,-7.622797,-0.92309,8.677008,-3.122797,15.377203,17.877203,-5.122797,8.777105,36.476812,-5.122797,-6.322992
10324,2026-06-11T22:40:00+00:00,XAUUSD,Buy,4247.124865,4246.700195,4246.275525,4247.124865,0.0002,0.004637,0.0036,0.0036,0.0005,True,True,True,55,45,20.674939,-54.224963,-7.024768,20.674939,-12.524768,-22.124865,20.674939,-23.42467,-46.024768,20.674939,-54.224963,-38.825061
10325,2026-06-11T22:45:00+00:00,XAUUSD,Buy,4253.4253,4253.0,4252.5747,4253.4253,0.0002,0.004132,0.0036,0.0036,0.0005,True,True,True,55,45,14.374505,-60.525398,-12.525398,14.374505,-18.825202,-30.4253,14.374505,-31.025398,-40.225105,14.374505,-60.525398,-41.125495
10326,2026-06-11T22:50:00+00:00,XAUUSD,Buy,4256.625815,4256.200195,4255.774575,4256.625815,0.0002,0.004982,0.0036,0.0036,0.0005,True,True,True,55,45,11.173989,-63.725913,-19.326011,11.173989,-22.025718,-34.725913,11.173989,-35.225913,-48.725913,11.173989,-63.725913,-46.225913
10327,2026-06-11T22:55:00+00:00,XAUUSD,Buy,4264.626615,4264.200195,4263.773775,4264.626615,0.0002,0.006467,0.0036,0.0036,0.0005,True,True,True,65,45,2.57358,-71.726713,-24.026518,2.57358,-30.026518,-35.626615,2.57358,-43.226713,-56.42642,2.57358,-71.726713,-51.126615
10331,2026-06-11T23:15:00+00:00,XAUUSD,Sell,4242.5757,4243.0,4242.5757,4243.4243,0.0002,-0.004972,0.0036,0.0036,0.0005,True,True,True,55,45,49.675798,-9.124495,5.0757,14.475602,-4.224105,31.5757,38.5757,-9.124495,28.0757,49.675798,-9.124495,24.375505
10348,2026-06-12T00:40:00+00:00,XAUUSD,Sell,4224.5775,4225.0,4224.5775,4225.4225,0.0002,-0.004664,0.0036,0.0036,0.0005,True,True,True,55,45,31.677598,-7.822402,23.477402,31.677598,-7.822402,16.277695,31.677598,-7.822402,3.477402,31.677598,-7.822402,9.377305
10349,2026-06-12T00:45:00+00:00,XAUUSD,Sell,4222.5777,4223.0,4222.5777,4223.4223,0.0002,-0.004338,0.0036,0.0036,0.0005,True,True,True,55,45,29.677798,-9.822202,9.377505,29.677798,-9.822202,10.277895,29.677798,-9.822202,3.5777,29.677798,-9.822202,10.0777
10350,2026-06-12T00:50:00+00:00,XAUUSD,Sell,4221.477712,4221.899902,4221.477712,4222.322092,0.0002,-0.004832,0.0036,0.0036,0.0005,True,True,True,55,45,28.57781,-10.92219,13.57781,28.57781,-10.92219,11.07781,28.57781,-10.92219,-0.622385,28.57781,-10.92219,7.677908
10352,2026-06-12T01:00:00+00:00,XAUUSD,Sell,4205.279625,4205.700195,4205.279625,4206.120765,0.0002,-0.004568,0.0036,0.0036,0.0005,True,False,True,55,45,12.379723,-21.42057,-7.820472,12.379723,-10.92057,-8.220375,12.379723,-16.620277,-13.720375,12.379723,-21.42057,-4.020179
10435,2026-06-12T07:55:00+00:00,XAUUSD,Buy,4215.621715,4215.200195,4214.778675,4215.621715,0.0002,0.003643,0.0036,0.0036,0.0005,True,False,True,55,45,33.978382,-2.42152,25.57848,32.07848,-2.42152,27.478382,33.978382,-2.42152,16.278187,33.978382,-2.42152,12.178089
10437,2026-06-12T08:05:00+00:00,XAUUSD,Buy,4223.92235,4223.5,4223.07765,4223.92235,0.0002,0.006434,0.0036,0.0036,0.0005,True,True,True,65,45,25.677748,-5.822252,20.877455,23.777845,-3.122545,21.777845,25.677748,-3.122545,4.277845,25.677748,-3.122545,4.877455
10438,2026-06-12T08:10:00+00:00,XAUUSD,Buy,4225.322392,4224.899902,4224.477412,4225.322392,0.0002,0.006648,0.0036,0.0036,0.0005,True,True,True,65,45,24.277705,-7.222295,20.477412,22.377803,-4.522588,17.07751,24.277705,-4.522588,2.977412,24.277705,-4.522588,9.877803
10439,2026-06-12T08:15:00+00:00,XAUUSD,Buy,4239.524008,4239.100098,4238.676188,4239.524008,0.0002,0.00567,0.0036,0.0036,0.0005,True,True,True,65,45,10.07609,-21.42391,5.775797,9.07609,-6.724203,-0.624105,10.07609,-6.724203,-12.624105,10.07609,-15.92391,-6.524008
10440,2026-06-12T08:20:00+00:00,XAUUSD,Buy,4240.323892,4239.899902,4239.475912,4240.323892,0.0002,0.004954,0.0036,0.0036,0.0005,True,True,True,55,45,9.276205,-22.223795,3.176108,8.276205,-7.524088,-5.823892,9.276205,-8.823892,-9.623697,9.276205,-16.723795,-16.024088
10465,2026-06-12T10:25:00+00:00,XAUUSD,Sell,4227.377025,4227.799805,4227.377025,4228.222585,0.0002,-0.004216,0.0036,0.0036,0.0005,True,True,True,55,45,24.477122,-12.323171,3.877025,4.377025,-12.323171,5.477122,9.276927,-12.323171,3.477122,20.07722,-12.323171,18.57722
10482,2026-06-12T11:50:00+00:00,XAUUSD,Buy,4236.523708,4236.100098,4235.676488,4236.523708,0.0002,0.003744,0.0036,0.0036,0.0005,True,True,True,55,45,20.276097,-39.023708,-21.92361,-0.223903,-24.623805,-26.723903,-0.223903,-33.523708,-8.523708,-0.223903,-39.023708,-0.623805
10491,2026-06-12T12:35:00+00:00,XAUUSD,Sell,4213.278825,4213.700195,4213.278825,4214.121565,0.0002,-0.004559,0.0036,0.0036,0.0005,True,True,True,55,45,15.778825,-43.520979,-14.92137,5.979021,-17.92137,0.278825,11.979021,-17.92137,-26.621077,15.778825,-43.520979,-24.621077
10507,2026-06-12T13:55:00+00:00,XAUUSD,Sell,4206.279525,4206.700195,4206.279525,4207.120865,0.0002,-0.005085,0.0036,0.0036,0.0005,True,True,True,55,45,8.779525,-50.520279,-18.620377,8.779525,-23.220475,-26.120377,8.779525,-50.520279,-30.220475,8.779525,-50.520279,-35.520279
10521,2026-06-12T15:05:00+00:00,XAUUSD,Buy,4229.623115,4229.200195,4228.777275,4229.623115,0.0002,0.006114,0.0036,0.0036,0.0005,True,True,False,45,45,27.176689,-2.223213,4.276787,27.176689,-2.223213,11.976982,27.176689,-2.223213,11.676689,27.176689,-2.223213,9.176689
10524,2026-06-12T15:20:00+00:00,XAUUSD,Buy,4249.125065,4248.700195,4248.275325,4249.125065,0.0002,0.005848,0.0036,0.0036,0.0005,True,True,True,65,45,7.674739,-21.725163,-10.024968,7.674739,-21.725163,-7.825261,7.674739,-21.725163,0.674739,7.674739,-21.725163,-17.42487
10525,2026-06-12T15:25:00+00:00,XAUUSD,Buy,4247.224485,4246.799805,4246.375125,4247.224485,0.0002,0.004161,0.0036,0.0036,0.0005,True,True,True,55,45,8.975711,-19.824582,-9.724485,6.875613,-19.824582,-8.024289,6.875613,-19.824582,-0.024289,8.975711,-19.824582,-17.324582
10528,2026-06-12T15:40:00+00:00,XAUUSD,Sell,4231.176938,4231.600098,4231.176938,4232.023258,0.0002,-0.004025,0.0036,0.0036,0.0005,True,True,True,55,45,7.976742,-25.023258,-2.92316,3.777035,-22.92316,-11.42316,3.777035,-22.92316,-18.823062,3.777035,-25.023258,4.777035
10529,2026-06-12T15:45:00+00:00,XAUUSD,Sell,4228.07715,4228.5,4228.07715,4228.92285,0.0002,-0.004309,0.0036,0.0036,0.0005,True,True,True,55,45,4.876955,-28.123045,-6.222655,-0.123045,-26.022948,-15.322752,-0.123045,-26.022948,-15.322752,-0.123045,-28.123045,-0.322752
10592,2026-06-14T22:10:00+00:00,XAUUSD,Buy,4320.432,4320.0,4319.568,4320.432,0.0002,0.020143,0.0036,0.0036,0.0005,True,True,True,75,45,27.367805,-20.432,-17.032098,6.568,-20.432,-0.532098,6.568,-20.432,-2.731805,8.068,-20.432,27.168098
10593,2026-06-14T22:15:00+00:00,XAUUSD,Buy,4326.4326,4326.0,4325.5674,4326.4326,0.0002,0.02115,0.0036,0.0036,0.0005,True,True,True,75,45,23.5674,-26.4326,-23.532698,0.5674,-26.4326,-2.132795,0.5674,-26.4326,-12.232405,2.0674,-26.4326,20.0674
10594,2026-06-14T22:20:00+00:00,XAUUSD,Buy,4319.231685,4318.799805,4318.367925,4319.231685,0.0002,0.019017,0.0036,0.0036,0.0005,True,True,True,75,45,32.868413,-19.231685,-15.731685,-0.831782,-19.231685,7.268315,8.868413,-19.231685,4.368413,9.268315,-19.231685,31.468511
10595,2026-06-14T22:25:00+00:00,XAUUSD,Buy,4307.330592,4306.899902,4306.469212,4307.330592,0.0002,0.016066,0.0036,0.0036,0.0005,True,True,False,55,45,44.969212,-7.330592,-4.43069,4.56931,-7.330592,13.869603,21.169408,-7.330592,17.56931,21.169408,-7.330592,42.169408
10596,2026-06-14T22:30:00+00:00,XAUUSD,Sell,4303.5696,4304.0,4303.5696,4304.4304,0.0002,-0.003704,0.0036,0.0036,0.0005,True,False,True,55,45,2.269795,-49.830302,-1.230205,2.269795,-8.330302,-19.9304,2.269795,-24.9304,-29.730205,2.269795,-32.830302,-47.4304
10597,2026-06-14T22:35:00+00:00,XAUUSD,Sell,4304.469412,4304.899902,4304.469412,4305.330392,0.0002,-0.004878,0.0036,0.0036,0.0005,True,True,True,55,45,3.169608,-51.330392,-1.230783,3.169608,-7.43049,-15.130685,3.169608,-24.030588,-32.230783,3.169608,-33.330392,-49.630685
10632,2026-06-15T01:30:00+00:00,XAUUSD,Buy,4333.733135,4333.299805,4332.866475,4333.733135,0.0002,0.003613,0.0036,0.0036,0.0005,True,False,True,55,45,23.06667,-4.43333,17.266865,19.666768,-4.43333,13.467061,23.06667,-4.43333,16.06667,23.06667,-4.43333,14.666768
10633,2026-06-15T01:35:00+00:00,XAUUSD,Buy,4337.133865,4336.700195,4336.266525,4337.133865,0.0002,0.005215,0.0036,0.0036,0.0005,True,True,True,55,45,19.665939,-2.733963,16.966232,18.665939,-2.733963,8.766037,19.665939,-2.733963,11.766037,19.665939,-2.733963,4.866135
10634,2026-06-15T01:40:00+00:00,XAUUSD,Buy,4339.634115,4339.200195,4338.766275,4339.634115,0.0002,0.003608,0.0036,0.0036,0.0005,True,True,True,55,45,17.165689,-5.734213,11.665689,16.165689,-5.234213,5.365885,17.165689,-5.234213,9.06608,17.165689,-5.234213,-5.734213
10682,2026-06-15T05:40:00+00:00,XAUUSD,Sell,4333.466512,4333.899902,4333.466512,4334.333292,0.0002,-0.00409,0.0036,0.0036,0.0005,True,True,True,55,45,11.866415,-32.633585,6.06661,11.866415,-4.133585,-4.233683,11.866415,-6.43339,-28.533488,11.866415,-32.633585,-22.633585
10684,2026-06-15T05:50:00+00:00,XAUUSD,Sell,4330.966762,4331.399902,4330.966762,4331.833042,0.0002,-0.003909,0.0036,0.0036,0.0005,True,True,True,55,45,9.366665,-35.133335,2.666958,9.366665,-3.43314,-13.033238,9.366665,-13.333042,-29.033238,9.366665,-35.133335,-30.133335
10765,2026-06-15T12:35:00+00:00,XAUUSD,Buy,4365.736335,4365.299805,4364.863275,4365.736335,0.0002,0.003956,0.0036,0.0036,0.0005,True,True,True,55,45,25.763665,-6.836432,18.963861,22.763665,-2.93653,13.363763,25.763665,-2.93653,10.663568,25.763665,-2.93653,-5.43653
10810,2026-06-15T16:20:00+00:00,XAUUSD,Sell,4361.06385,4361.5,4361.06385,4361.93615,0.0002,-0.003905,0.0036,0.0036,0.0005,True,True,True,55,45,27.863655,-5.336052,8.863655,10.764045,-5.336052,13.06385,21.963752,-5.336052,15.963752,21.963752,-5.336052,26.863655
11064,2026-06-16T14:30:00+00:00,XAUUSD,Sell,4337.966062,4338.399902,4337.966062,4338.833742,0.0002,-0.004178,0.0036,0.0036,0.0005,True,True,True,55,45,-0.333742,-30.134035,-9.033938,-0.333742,-11.43384,-23.93384,-0.333742,-30.134035,-20.533938,-0.333742,-30.134035,-23.634035
11083,2026-06-16T16:05:00+00:00,XAUUSD,Buy,4363.236085,4362.799805,4362.363525,4363.236085,0.0002,0.003912,0.0036,0.0036,0.0005,True,True,True,55,45,4.864013,-16.836182,-2.43628,4.864013,-4.43628,-1.535889,4.864013,-16.836182,-0.93628,4.864013,-16.836182,-9.535889
11340,2026-06-17T14:30:00+00:00,XAUUSD,Buy,4381.038158,4380.600098,4380.162038,4381.038158,0.0002,0.004149,0.0036,0.0036,0.0005,True,True,True,55,45,22.56194,-92.738353,-2.038158,0.162038,-31.138255,0.961842,5.662038,-31.138255,16.761647,21.761647,-31.138255,-90.837962
11382,2026-06-17T18:00:00+00:00,XAUUSD,Sell,4336.166438,4336.600098,4336.166438,4337.033758,0.0002,-0.013669,0.0036,0.0036,0.0005,True,False,False,55,45,98.766535,-16.333562,44.666438,47.866633,-16.333562,77.06634,98.766535,-16.333562,58.666438,98.766535,-16.333562,52.266535
11383,2026-06-17T18:05:00+00:00,XAUUSD,Sell,4313.5686,4314.0,4313.5686,4314.4314,0.0002,-0.018765,0.0036,0.0036,0.0005,True,False,False,55,45,76.168698,-38.9314,26.268795,32.0686,-38.9314,40.968502,76.168698,-38.9314,27.668698,76.168698,-38.9314,20.468502
11384,2026-06-17T18:10:00+00:00,XAUUSD,Sell,4302.869475,4303.299805,4302.869475,4303.730135,0.0002,-0.021644,0.0036,0.0036,0.0005,True,False,True,75,45,65.469572,-49.630525,19.869475,25.269377,-49.630525,26.869475,65.469572,-49.630525,18.06967,65.469572,-49.630525,1.469572
11385,2026-06-17T18:15:00+00:00,XAUUSD,Sell,4325.767575,4326.200195,4325.767575,4326.632815,0.0002,-0.017018,0.0036,0.0036,0.0005,True,True,True,75,45,88.367673,-26.732425,62.267575,66.467771,-26.732425,39.467771,88.367673,-26.732425,38.267575,88.367673,-26.732425,29.867673
11386,2026-06-17T18:20:00+00:00,XAUUSD,Sell,4311.668888,4312.100098,4311.668888,4312.531308,0.0002,-0.00565,0.0036,0.0036,0.0005,True,True,True,65,45,74.268985,-40.831112,56.56879,57.668888,-40.831112,33.06879,74.268985,-40.831112,23.668888,74.268985,-40.831112,14.468692
11392,2026-06-17T18:50:00+00:00,XAUUSD,Buy,4330.832942,4330.399902,4329.966862,4330.832942,0.0002,0.00937,0.0036,0.0036,0.0005,True,True,False,55,45,0.267155,-93.43304,-74.033138,0.267155,-93.43304,-53.43304,0.267155,-93.43304,-44.033138,0.267155,-93.43304,-36.232845
11394,2026-06-17T19:00:00+00:00,XAUUSD,Sell,4291.07085,4291.5,4291.07085,4291.92915,0.0002,-0.011904,0.0036,0.0036,0.0005,True,True,True,75,45,53.670948,-20.629345,31.970752,53.670948,-7.829052,13.57085,53.670948,-7.829052,7.170948,53.670948,-7.829052,-20.228955
11395,2026-06-17T19:05:00+00:00,XAUUSD,Sell,4286.871075,4287.299805,4286.871075,4287.728535,0.0002,-0.011756,0.0036,0.0036,0.0005,True,True,True,75,45,49.471172,-31.028828,14.270977,49.471172,-6.528828,0.971172,49.471172,-6.528828,-6.229023,49.471172,-7.128925,-26.128925
11396,2026-06-17T19:10:00+00:00,XAUUSD,Sell,4282.5717,4283.0,4282.5717,4283.4283,0.0002,-0.010946,0.0036,0.0036,0.0005,True,True,True,75,45,45.171798,-36.228105,6.5717,45.171798,-1.028398,-2.228105,45.171798,-6.4283,-18.828202,45.171798,-19.128495,-34.528398
11397,2026-06-17T19:15:00+00:00,XAUUSD,Sell,4263.07365,4263.5,4263.07365,4263.92635,0.0002,-0.009686,0.0036,0.0036,0.0005,True,True,True,75,45,25.673748,-56.92635,-23.226155,25.673748,-23.226155,-24.42635,25.673748,-25.92635,-32.826252,25.673748,-38.92635,-53.42635
11398,2026-06-17T19:20:00+00:00,XAUUSD,Sell,4254.674588,4255.100098,4254.674588,4255.525608,0.0002,-0.008482,0.0036,0.0036,0.0005,True,True,True,75,45,17.274685,-66.225315,-23.92551,17.274685,-34.325412,-33.325412,17.274685,-35.825412,-42.525608,17.274685,-47.92551,-61.225315
11399,2026-06-17T19:25:00+00:00,XAUUSD,Sell,4245.375225,4245.799805,4245.375225,4246.224385,0.0002,-0.00968,0.0036,0.0036,0.0005,True,True,True,75,45,7.975322,-75.524678,-32.124775,7.975322,-43.624775,-40.624775,7.975322,-45.124775,-53.624775,7.975322,-57.624775,-74.524678
11400,2026-06-17T19:30:00+00:00,XAUUSD,Sell,4245.175538,4245.600098,4245.175538,4246.024658,0.0002,-0.008732,0.0036,0.0036,0.0005,True,True,True,75,45,7.775635,-83.324462,-34.124267,7.775635,-43.824462,-39.224365,7.775635,-45.324462,-54.824462,7.775635,-57.824462,-80.92456
11401,2026-06-17T19:35:00+00:00,XAUUSD,Sell,4239.576,4240.0,4239.576,4240.424,0.0002,-0.005512,0.0036,0.0036,0.0005,True,True,True,65,45,2.176098,-89.924,-43.924,2.176098,-49.424,-46.624195,2.176098,-50.924,-54.024098,2.176098,-63.424,-85.024098
11408,2026-06-17T20:10:00+00:00,XAUUSD,Buy,4276.4276,4276.0,4275.5724,4276.4276,0.0002,0.00451,0.0036,0.0036,0.0005,True,False,True,55,45,72.472302,-3.627795,8.372205,12.5724,-3.627795,24.972302,25.272595,-3.627795,40.672498,42.372205,-3.627795,66.472302
11409,2026-06-17T20:15:00+00:00,XAUUSD,Buy,4286.728435,4286.299805,4285.871175,4286.728435,0.0002,0.007522,0.0036,0.0036,0.0005,True,True,True,75,45,62.171468,-13.42863,0.771565,2.271565,-13.42863,9.171468,15.271565,-13.42863,29.771565,33.271565,-13.42863,50.57137
11410,2026-06-17T20:20:00+00:00,XAUUSD,Buy,4279.027958,4278.600098,4278.172238,4279.027958,0.0002,0.004578,0.0036,0.0036,0.0005,True,True,True,55,45,69.871945,-5.728153,8.972042,11.472042,-5.728153,18.172238,23.57214,-5.728153,36.871945,41.871945,-5.728153,60.172238
11442,2026-06-18T00:00:00+00:00,XAUUSD,Buy,4311.730935,4311.299805,4310.868675,4311.730935,0.0002,0.003702,0.0036,0.0036,0.0005,True,False,True,55,45,38.469261,-1.030739,29.469261,36.269065,-1.030739,30.269065,37.168968,-1.030739,20.168968,38.469261,-1.030739,28.969261
11443,2026-06-18T00:05:00+00:00,XAUUSD,Buy,4313.4313,4313.0,4312.5687,4313.4313,0.0002,0.004823,0.0036,0.0036,0.0005,True,True,True,55,45,36.768895,-2.131495,27.5687,34.5687,-2.131495,32.368505,35.468602,-2.131495,19.368505,36.768895,-2.131495,23.668798
11444,2026-06-18T00:10:00+00:00,XAUUSD,Buy,4317.531808,4317.100098,4316.668388,4317.531808,0.0002,0.005239,0.0036,0.0036,0.0005,True,True,True,55,45,32.668388,-3.732003,25.368095,31.368095,-3.732003,29.767997,32.668388,-3.732003,13.767997,32.668388,-3.732003,20.668388
11445,2026-06-18T00:15:00+00:00,XAUUSD,Buy,4316.93165,4316.5,4316.06835,4316.93165,0.0002,0.004491,0.0036,0.0036,0.0005,True,True,True,55,45,33.268545,-3.131845,20.368155,31.968252,-3.131845,29.56835,33.268545,-3.131845,17.468252,33.268545,-3.131845,18.668448
11511,2026-06-18T05:45:00+00:00,XAUUSD,Sell,4322.5677,4323.0,4322.5677,4323.4323,0.0002,-0.004674,0.0036,0.0036,0.0005,True,True,True,55,45,43.967602,-7.732105,-1.9323,6.267895,-7.732105,7.867505,9.767895,-7.732105,24.167798,26.267895,-7.732105,34.267895
11549,2026-06-18T08:55:00+00:00,XAUUSD,Sell,4285.471312,4285.899902,4285.471312,4286.328492,0.0002,-0.004414,0.0036,0.0036,0.0005,True,True,True,55,45,27.57141,-7.128785,-2.228883,6.871215,-7.128785,11.57141,12.271117,-7.128785,24.871215,27.57141,-7.128785,20.371215
11589,2026-06-18T12:15:00+00:00,XAUUSD,Buy,4279.92795,4279.5,4279.07205,4279.92795,0.0002,0.004436,0.0036,0.0036,0.0005,True,True,True,55,45,16.272245,-38.628145,-2.42795,8.672148,-20.727755,-11.42795,16.272245,-24.92795,-18.727755,16.272245,-24.92795,-37.42795
11590,2026-06-18T12:20:00+00:00,XAUUSD,Buy,4282.728035,4282.299805,4281.871575,4282.728035,0.0002,0.004763,0.0036,0.0036,0.0005,True,True,True,55,45,13.472161,-41.527839,-6.328132,1.972161,-23.527839,-10.728035,13.472161,-27.728035,-23.527839,13.472161,-27.728035,-41.027839
11593,2026-06-18T12:35:00+00:00,XAUUSD,Sell,4260.873675,4261.299805,4260.873675,4261.725935,0.0002,-0.004253,0.0036,0.0036,0.0005,True,False,True,55,45,26.673479,-35.326521,-31.126325,1.673479,-35.326521,-9.726423,5.873675,-35.326521,15.07387,18.273577,-35.326521,18.473772
11594,2026-06-18T12:40:00+00:00,XAUUSD,Sell,4261.373625,4261.799805,4261.373625,4262.225985,0.0002,-0.004787,0.0036,0.0036,0.0005,True,True,True,55,45,27.173429,-34.826571,-22.226473,2.173429,-34.826571,-2.42618,6.373625,-34.826571,10.873625,18.773527,-34.826571,20.07382
11600,2026-06-18T13:10:00+00:00,XAUUSD,Buy,4278.628015,4278.200195,4277.772375,4278.628015,0.0002,0.00373,0.0036,0.0036,0.0005,True,True,True,55,45,17.57218,-45.628015,-18.42782,17.57218,-21.42782,-12.328211,17.57218,-23.628015,-32.027918,17.57218,-36.92782,-31.328211
11609,2026-06-18T13:55:00+00:00,XAUUSD,Sell,4275.07245,4275.5,4275.07245,4275.92755,0.0002,-0.003844,0.0036,0.0036,0.0005,True,True,True,55,45,42.07245,-2.227355,3.372255,20.07245,-2.227355,29.57245,33.372255,-2.227355,36.372255,42.07245,-2.227355,25.57245
11610,2026-06-18T14:00:00+00:00,XAUUSD,Sell,4266.373125,4266.799805,4266.373125,4267.226485,0.0002,-0.003922,0.0036,0.0036,0.0005,True,True,True,55,45,33.373125,-8.726973,-3.92668,11.373125,-8.726973,20.57332,24.672929,-8.726973,23.373125,33.373125,-8.726973,18.973222
11611,2026-06-18T14:05:00+00:00,XAUUSD,Sell,4262.273925,4262.700195,4262.273925,4263.126465,0.0002,-0.003926,0.0036,0.0036,0.0005,True,True,True,55,45,29.273925,-12.826172,-10.42627,7.273925,-12.826172,11.474121,20.57373,-12.826172,18.474121,29.273925,-12.826172,11.374023
11612,2026-06-18T14:10:00+00:00,XAUUSD,Sell,4259.774175,4260.200195,4259.774175,4260.626215,0.0002,-0.004696,0.0036,0.0036,0.0005,True,True,True,55,45,26.774175,-15.325922,-6.525629,4.774175,-15.325922,13.174078,18.07398,-15.325922,12.474371,26.774175,-15.325922,12.474371
11627,2026-06-18T15:25:00+00:00,XAUUSD,Sell,4254.474412,4254.899902,4254.474412,4255.325392,0.0002,-0.004166,0.0036,0.0036,0.0005,True,True,True,55,45,33.474412,-1.125685,10.474412,13.274217,-1.125685,9.174608,21.474412,-1.125685,9.274217,21.474412,-1.125685,30.374315
11629,2026-06-18T15:35:00+00:00,XAUUSD,Sell,4245.375225,4245.799805,4245.375225,4246.224385,0.0002,-0.003614,0.0036,0.0036,0.0005,True,True,True,55,45,25.07542,-9.124775,2.975322,11.175029,-9.124775,2.175029,12.375225,-9.124775,5.375225,12.375225,-9.124775,16.07542
11787,2026-06-21T23:45:00+00:00,XAUUSD,Sell,4153.284825,4153.700195,4153.284825,4154.115565,0.0002,-0.004577,0.0036,0.0036,0.0005,True,True,True,55,45,0.284825,-84.815272,-47.715175,0.284825,-48.41537,-59.815272,0.284825,-84.815272,-55.615077,0.284825,-84.815272,-41.41537
11792,2026-06-22T00:10:00+00:00,XAUUSD,Buy,4178.017858,4177.600098,4177.182338,4178.017858,0.0002,0.005827,0.0036,0.0036,0.0005,True,True,True,65,45,60.08224,-5.117955,51.482142,60.08224,-5.117955,23.382045,60.08224,-5.117955,17.982142,60.08224,-5.117955,15.682338
11793,2026-06-22T00:15:00+00:00,XAUUSD,Buy,4181.118265,4180.700195,4180.282125,4181.118265,0.0002,0.005701,0.0036,0.0036,0.0005,True,True,True,65,45,56.981832,-8.218363,44.681539,56.981832,-8.218363,24.881735,56.981832,-8.218363,12.981832,56.981832,-8.218363,12.381735
11794,2026-06-22T00:20:00+00:00,XAUUSD,Buy,4181.618315,4181.200195,4180.782075,4181.618315,0.0002,0.004155,0.0036,0.0036,0.0005,True,True,True,55,45,56.481782,-8.718413,46.08188,56.481782,-8.718413,24.681489,56.481782,-8.718413,14.681489,56.481782,-8.718413,12.781587
11795,2026-06-22T00:25:00+00:00,XAUUSD,Buy,4185.018558,4184.600098,4184.181638,4185.018558,0.0002,0.004634,0.0036,0.0036,0.0005,True,True,True,55,45,53.08154,-12.118655,39.981442,53.08154,-12.118655,21.281247,53.08154,-12.118655,12.481442,53.08154,-12.118655,9.181638
11799,2026-06-22T00:45:00+00:00,XAUUSD,Buy,4201.4201,4201.0,4200.5799,4201.4201,0.0002,0.003919,0.0036,0.0036,0.0005,True,True,True,55,45,36.679998,-28.520198,11.679998,36.679998,-28.520198,7.479802,36.679998,-28.520198,-6.719905,36.679998,-28.520198,-4.820002
11800,2026-06-22T00:50:00+00:00,XAUUSD,Buy,4206.120765,4205.700195,4205.279625,4206.120765,0.0002,0.005355,0.0036,0.0036,0.0005,True,True,True,55,45,31.979332,-33.220863,5.679039,31.979332,-33.220863,0.479332,31.979332,-33.220863,-13.220863,31.979332,-33.220863,-10.720863
11801,2026-06-22T00:55:00+00:00,XAUUSD,Buy,4218.521908,4218.100098,4217.678288,4218.521908,0.0002,0.006947,0.0036,0.0036,0.0005,True,True,True,65,45,19.57819,-45.622005,-10.42181,19.57819,-45.622005,-12.821712,19.57819,-45.622005,-28.92181,19.57819,-45.622005,-19.122005
11802,2026-06-22T01:00:00+00:00,XAUUSD,Buy,4223.622515,4223.200195,4222.777875,4223.622515,0.0002,0.007178,0.0036,0.0036,0.0005,True,True,True,65,45,10.377485,-50.722613,-16.322711,10.377485,-50.722613,-17.822711,10.377485,-50.722613,-31.92232,10.377485,-50.722613,-24.322711
11803,2026-06-22T01:05:00+00:00,XAUUSD,Buy,4230.92305,4230.5,4230.07695,4230.92305,0.0002,0.007022,0.0036,0.0036,0.0005,True,True,True,65,45,1.476852,-58.023148,-22.023148,1.476852,-58.023148,-31.023148,1.476852,-58.023148,-35.322952,1.476852,-58.023148,-29.722855
11804,2026-06-22T01:10:00+00:00,XAUUSD,Buy,4229.92295,4229.5,4229.07705,4229.92295,0.0002,0.005659,0.0036,0.0036,0.0005,True,True,True,65,45,2.476952,-57.023048,-28.523048,2.476952,-57.023048,-33.92295,2.476952,-57.023048,-36.222755,2.476952,-57.023048,-26.623145
11856,2026-06-22T05:30:00+00:00,XAUUSD,Sell,4172.482612,4172.899902,4172.482612,4173.317192,0.0002,-0.007232,0.0036,0.0036,0.0005,True,False,False,55,45,-0.41729,-55.41729,-44.517388,-0.41729,-46.617485,-44.91729,-0.41729,-52.91729,-36.517388,-0.41729,-52.91729,-53.517388
11860,2026-06-22T05:50:00+00:00,XAUUSD,Buy,4214.121565,4213.700195,4213.278825,4214.121565,0.0002,0.009777,0.0036,0.0036,0.0005,True,True,True,75,45,14.478532,-41.221663,8.378435,11.278337,-41.221663,-5.021468,11.278337,-41.221663,-0.721663,11.278337,-41.221663,12.57863
11895,2026-06-22T08:45:00+00:00,XAUUSD,Sell,4172.482612,4172.899902,4172.482612,4173.317192,0.0002,-0.008789,0.0036,0.0036,0.0005,True,True,False,55,45,-0.41729,-61.217583,-52.717583,-0.41729,-55.41729,-50.91729,-0.41729,-59.817192,-50.217583,-0.41729,-61.217583,-47.817192
11899,2026-06-22T09:05:00+00:00,XAUUSD,Buy,4227.122865,4226.700195,4226.277525,4227.122865,0.0002,0.012893,0.0036,0.0036,0.0005,True,True,True,75,45,6.57733,-54.222963,1.57733,2.57733,-54.222963,2.07733,6.57733,-54.222963,-1.222963,6.57733,-54.222963,-18.022768
11956,2026-06-22T13:50:00+00:00,XAUUSD,Buy,4222.92225,4222.5,4222.07775,4222.92225,0.0002,0.004353,0.0036,0.0036,0.0005,True,True,True,55,45,6.57775,-50.022348,-7.222055,6.57775,-50.022348,-25.622445,6.57775,-50.022348,-17.722055,6.57775,-50.022348,-22.022348
11964,2026-06-22T14:30:00+00:00,XAUUSD,Sell,4205.779575,4206.200195,4205.779575,4206.620815,0.0002,-0.00419,0.0036,0.0036,0.0005,True,True,True,55,45,32.879673,-18.520229,-0.520229,32.879673,-18.520229,2.979771,32.879673,-18.520229,8.679478,32.879673,-18.520229,0.879673
11979,2026-06-22T15:45:00+00:00,XAUUSD,Sell,4187.381025,4187.799805,4187.381025,4188.218585,0.0002,-0.004706,0.0036,0.0036,0.0005,True,True,True,55,45,14.481122,-24.518878,-15.41878,14.481122,-17.219073,-13.018878,14.481122,-24.518878,14.481122,14.481122,-24.518878,-16.518878
12015,2026-06-22T18:45:00+00:00,XAUUSD,Sell,4172.482612,4172.899902,4172.482612,4173.317192,0.0002,-0.00787,0.0036,0.0036,0.0005,True,False,False,55,45,-0.41729,-41.117485,-31.41729,-0.41729,-39.117485,-37.117485,-0.41729,-39.817192,-34.117485,-0.41729,-40.217583,-36.117485
12019,2026-06-22T19:05:00+00:00,XAUUSD,Buy,4210.92105,4210.5,4210.07895,4210.92105,0.0002,0.009011,0.0036,0.0036,0.0005,True,True,True,75,45,2.679048,-38.021148,-2.220855,1.378755,-38.021148,-0.220855,1.779145,-38.021148,-0.820952,1.779145,-38.021148,-9.021148
12030,2026-06-22T20:00:00+00:00,XAUUSD,Sell,4172.482612,4172.899902,4172.482612,4173.317192,0.0002,-0.007162,0.0036,0.0036,0.0005,True,False,False,45,45,-0.41729,-43.517388,-38.517388,-0.41729,-40.217583,-36.217583,-0.41729,-40.217583,-33.317192,-0.41729,-41.117485,-34.617485
12034,2026-06-22T20:20:00+00:00,XAUUSD,Buy,4209.4209,4209.0,4208.5791,4209.4209,0.0002,0.008651,0.0036,0.0036,0.0005,True,True,True,75,45,6.5791,-36.520998,-0.020998,3.279295,-36.520998,-0.9209,3.279295,-36.520998,-9.4209,4.179198,-36.520998,-13.4209
12041,2026-06-22T20:55:00+00:00,XAUUSD,Sell,4172.482612,4172.899902,4172.482612,4173.317192,0.0002,-0.00933,0.0036,0.0036,0.0005,True,True,True,75,45,4.982612,-43.517388,-35.317192,-33.617485,-40.217583,-33.017388,-32.117485,-41.117485,-38.217583,-23.517388,-41.117485,-6.817192
12045,2026-06-22T22:15:00+00:00,XAUUSD,Buy,4210.820942,4210.399902,4209.978862,4210.820942,0.0002,0.008987,0.0036,0.0036,0.0005,True,True,False,55,45,5.179058,-44.220845,-1.92104,1.879253,-4.720845,-11.021138,2.779155,-14.820942,-20.220845,5.179058,-21.220845,-34.42104
12081,2026-06-23T01:15:00+00:00,XAUUSD,Sell,4190.181038,4190.600098,4190.181038,4191.019158,0.0002,-0.004774,0.0036,0.0036,0.0005,True,True,True,55,45,57.980842,-8.118767,13.781135,23.58094,-8.118767,39.08094,41.781135,-8.118767,32.681038,41.781135,-8.118767,44.480842
12084,2026-06-23T01:30:00+00:00,XAUUSD,Sell,4186.08135,4186.5,4186.08135,4186.91865,0.0002,-0.003784,0.0036,0.0036,0.0005,True,True,True,55,45,53.881155,-1.41865,11.681448,19.481252,-1.41865,29.281545,37.681448,-1.41865,32.08135,37.681448,-1.41865,36.981252
12086,2026-06-23T01:40:00+00:00,XAUUSD,Sell,4171.382625,4171.799805,4171.382625,4172.216985,0.0002,-0.005767,0.0036,0.0036,0.0005,True,True,True,65,45,39.182429,-9.91718,-2.017278,4.782527,-9.91718,14.982722,22.982722,-9.91718,15.382625,22.982722,-9.91718,25.782527
12087,2026-06-23T01:45:00+00:00,XAUUSD,Sell,4167.5832,4168.0,4167.5832,4168.4168,0.0002,-0.006602,0.0036,0.0036,0.0005,True,True,True,65,45,35.383005,-13.716605,-4.716605,0.983102,-13.716605,10.883005,19.183298,-13.716605,11.683298,19.183298,-13.716605,30.5832
12125,2026-06-23T04:55:00+00:00,XAUUSD,Sell,4135.186538,4135.600098,4135.186538,4136.013658,0.0002,-0.005052,0.0036,0.0036,0.0005,True,True,True,55,45,26.986342,-19.813462,-3.713365,2.08644,-19.813462,2.786635,7.286635,-19.813462,19.186538,21.186538,-19.813462,12.58644
12158,2026-06-23T07:40:00+00:00,XAUUSD,Sell,4121.687888,4122.100098,4121.687888,4122.512308,0.0002,-0.003674,0.0036,0.0036,0.0005,True,True,True,55,45,13.487692,-29.41221,-5.611917,13.487692,-6.712015,-13.012308,13.487692,-16.812112,-22.611917,13.487692,-29.41221,-17.212015
12160,2026-06-23T07:50:00+00:00,XAUUSD,Sell,4117.887975,4118.299805,4117.887975,4118.711635,0.0002,-0.004616,0.0036,0.0036,0.0005,True,True,True,55,45,9.687779,-33.212123,-7.612025,9.687779,-10.511928,-15.511928,9.687779,-20.612025,-22.312221,9.687779,-33.212123,-21.612025
12231,2026-06-23T13:45:00+00:00,XAUUSD,Buy,4149.714735,4149.299805,4148.884875,4149.714735,0.0002,0.003847,0.0036,0.0036,0.0005,True,True,True,55,45,13.785265,-9.714735,-5.41493,13.785265,-9.714735,3.08507,13.785265,-9.714735,8.385363,13.785265,-9.714735,0.58507
12232,2026-06-23T13:50:00+00:00,XAUUSD,Buy,4155.715335,4155.299805,4154.884275,4155.715335,0.0002,0.003623,0.0036,0.0036,0.0005,True,False,True,55,45,7.784665,-15.715335,-10.41553,7.784665,-15.715335,-0.41553,7.784665,-15.715335,1.484861,7.784665,-15.715335,-9.41553
12233,2026-06-23T13:55:00+00:00,XAUUSD,Buy,4154.515508,4154.100098,4153.684688,4154.515508,0.0002,0.004182,0.0036,0.0036,0.0005,True,True,True,55,45,8.984492,-14.515508,-7.015508,8.984492,-14.515508,2.184688,8.984492,-14.515508,-2.615605,8.984492,-14.515508,-8.615605
12241,2026-06-23T14:35:00+00:00,XAUUSD,Sell,4141.5858,4142.0,4141.5858,4142.4142,0.0002,-0.004207,0.0036,0.0036,0.0005,True,True,True,55,45,4.0858,-20.214005,-13.4142,1.0858,-13.714005,-18.114395,1.0858,-19.4142,-5.814102,1.0858,-20.214005,3.485702
12324,2026-06-23T22:30:00+00:00,XAUUSD,Sell,4115.288625,4115.700195,4115.288625,4116.111765,0.0002,-0.003655,0.0036,0.0036,0.0005,True,True,True,55,45,35.188528,-14.41157,3.788625,4.688528,-10.711375,0.388723,17.388723,-14.41157,-0.711375,29.288625,-14.41157,29.288625
12337,2026-06-23T23:35:00+00:00,XAUUSD,Sell,4100.889675,4101.299805,4100.889675,4101.709935,0.0002,-0.003959,0.0036,0.0036,0.0005,True,True,True,55,45,33.889675,-28.810521,-14.41013,2.989772,-28.810521,-11.210423,14.889675,-28.810521,23.789577,24.489772,-28.810521,21.889675
12341,2026-06-23T23:55:00+00:00,XAUUSD,Buy,4117.011758,4116.600098,4116.188438,4117.011758,0.0002,0.003731,0.0036,0.0036,0.0005,True,True,True,55,45,12.688438,-50.011758,-2.311562,12.688438,-5.611855,-10.511758,12.688438,-31.011758,-38.711709,12.688438,-48.011758,-37.111855
12342,2026-06-24T00:00:00+00:00,XAUUSD,Buy,4120.112165,4119.700195,4119.288225,4120.112165,0.0002,0.003923,0.0036,0.0036,0.0005,True,True,True,55,45,9.58803,-53.112165,-29.212263,9.58803,-34.112165,-15.212263,9.58803,-34.112165,-47.112165,9.58803,-51.112165,-43.912214
12343,2026-06-24T00:05:00+00:00,XAUUSD,Buy,4128.312692,4127.899902,4127.487112,4128.312692,0.0002,0.003623,0.0036,0.0036,0.0005,True,True,True,55,45,0.687308,-61.312692,-33.612741,0.687308,-42.312692,-30.212595,0.687308,-42.312692,-53.312692,0.687308,-59.312692,-53.012644
12369,2026-06-24T02:15:00+00:00,XAUUSD,Sell,4090.990762,4091.399902,4090.990762,4091.809042,0.0002,-0.003677,0.0036,0.0036,0.0005,True,True,True,55,45,23.990762,-23.709433,21.09086,23.990762,-2.609335,18.790811,23.990762,-2.609335,8.390665,23.990762,-2.609335,-13.40914
12374,2026-06-24T02:40:00+00:00,XAUUSD,Sell,4073.392669,4073.800049,4073.392669,4074.207429,0.0002,-0.004545,0.0036,0.0036,0.0005,True,True,True,55,45,6.392669,-41.307526,-12.507234,6.392669,-13.507234,-7.40738,6.392669,-15.107331,-21.40738,6.392669,-29.707429,-35.707429
12375,2026-06-24T02:45:00+00:00,XAUUSD,Sell,4074.792431,4075.199951,4074.792431,4075.607471,0.0002,-0.003716,0.0036,0.0036,0.0005,True,True,True,55,45,7.792431,-39.907764,-9.307666,7.792431,-13.707569,-5.607471,7.792431,-13.707569,-17.107471,7.792431,-28.307666,-31.807666
12386,2026-06-24T03:40:00+00:00,XAUUSD,Buy,4086.308492,4085.899902,4085.491312,4086.308492,0.0002,0.003981,0.0036,0.0036,0.0005,True,True,True,55,45,28.391703,-14.708395,-5.508444,2.191508,-14.708395,8.491556,16.791605,-14.708395,22.791605,28.391703,-14.708395,13.391703
12408,2026-06-24T05:30:00+00:00,XAUUSD,Buy,4099.709735,4099.299805,4098.889875,4099.709735,0.0002,0.003648,0.0036,0.0036,0.0005,True,True,True,55,45,14.990461,-14.509783,5.690168,14.990461,-11.209735,-1.709735,14.990461,-11.209735,1.59007,14.990461,-11.209735,-12.209735
12415,2026-06-24T06:05:00+00:00,XAUUSD,Buy,4108.310692,4107.899902,4107.489112,4108.310692,0.0002,0.00391,0.0036,0.0036,0.0005,True,False,True,55,45,6.389503,-31.710595,-3.110497,6.389503,-8.010888,-15.610741,6.389503,-17.610741,-21.41079,6.389503,-21.510644,-31.010644
12416,2026-06-24T06:10:00+00:00,XAUUSD,Buy,4113.91135,4113.5,4113.08865,4113.91135,0.0002,0.005942,0.0036,0.0036,0.0005,True,True,True,65,45,0.788845,-37.711399,-10.811252,0.788845,-13.611545,-22.91135,0.788845,-23.91135,-20.611301,0.788845,-27.111301,-35.711399
12488,2026-06-24T12:10:00+00:00,XAUUSD,Sell,4053.894619,4054.300049,4053.894619,4054.705479,0.0002,-0.004078,0.0036,0.0036,0.0005,True,True,True,55,45,73.59457,-5.105381,66.194668,71.494716,-4.40543,16.994716,73.59457,-5.105381,34.694668,73.59457,-5.105381,33.994716
12491,2026-06-24T12:25:00+00:00,XAUUSD,Sell,4031.396869,4031.800049,4031.396869,4032.203229,0.0002,-0.00626,0.0036,0.0036,0.0005,True,True,True,65,45,51.09682,-27.603131,39.996966,51.09682,-5.90318,-9.703229,51.09682,-27.603131,-0.503034,51.09682,-27.603131,-2.303082
12493,2026-06-24T12:35:00+00:00,XAUUSD,Sell,4027.497112,4027.899902,4027.497112,4028.302692,0.0002,-0.007295,0.0036,0.0036,0.0005,True,True,True,75,45,47.197064,-31.502888,5.397015,47.197064,-6.302936,-9.502888,47.197064,-31.502888,3.697064,47.197064,-31.502888,-7.502888
12496,2026-06-24T12:50:00+00:00,XAUUSD,Sell,4019.598,4020.0,4019.598,4020.402,0.0002,-0.003717,0.0036,0.0036,0.0005,True,True,True,55,45,39.297951,-39.402,-26.202049,39.297951,-31.402,-3.301902,39.297951,-39.402,-2.902,39.297951,-39.402,-5.002098
12497,2026-06-24T12:55:00+00:00,XAUUSD,Sell,4003.5996,4004.0,4003.5996,4004.4004,0.0002,-0.005934,0.0036,0.0036,0.0005,True,True,True,65,45,23.299551,-55.4004,-51.300302,23.299551,-55.4004,-21.4004,23.299551,-55.4004,-15.9004,23.299551,-55.4004,-19.800302
12498,2026-06-24T13:00:00+00:00,XAUUSD,Sell,3995.500312,3995.899902,3995.500312,3996.299492,0.0002,-0.008339,0.0036,0.0036,0.0005,True,True,True,75,45,15.200264,-63.499688,-46.199639,15.200264,-63.499688,-25.599785,15.200264,-63.499688,-23.699639,15.200264,-63.499688,-31.099785
12499,2026-06-24T13:05:00+00:00,XAUUSD,Sell,3991.400869,3991.800049,3991.400869,3992.199229,0.0002,-0.007064,0.0036,0.0036,0.0005,True,True,True,65,45,11.10082,-67.599131,-54.099131,11.10082,-67.599131,-25.799082,11.10082,-67.599131,-26.099131,11.10082,-67.599131,-32.099131
12500,2026-06-24T13:10:00+00:00,XAUUSD,Sell,3987.301181,3987.699951,3987.301181,3988.098721,0.0002,-0.008035,0.0036,0.0036,0.0005,True,True,True,75,45,7.001132,-71.698819,-49.598721,7.001132,-71.698819,-31.89877,7.001132,-71.698819,-32.598721,7.001132,-71.698819,-35.698819
12504,2026-06-24T13:30:00+00:00,XAUUSD,Buy,4003.000358,4002.600098,4002.199838,4003.000358,0.0002,0.003737,0.0036,0.0036,0.0005,True,True,True,55,45,55.999642,-2.600455,45.09974,55.999642,-1.300406,22.899545,55.999642,-1.300406,28.999642,55.999642,-1.300406,0.09974
12505,2026-06-24T13:35:00+00:00,XAUUSD,Buy,4022.502308,4022.100098,4021.697888,4022.502308,0.0002,0.007389,0.0036,0.0036,0.0005,True,False,True,75,45,36.497692,-22.502308,14.497692,36.497692,-5.202259,1.297741,36.497692,-8.202259,12.497692,36.497692,-9.90221,-19.502308
12506,2026-06-24T13:40:00+00:00,XAUUSD,Buy,4032.503308,4032.100098,4031.696888,4032.503308,0.0002,0.010602,0.0036,0.0036,0.0005,True,True,True,75,45,26.496692,-32.503308,0.696644,26.496692,-6.503308,-9.503308,26.496692,-18.203259,-3.40321,26.496692,-19.90321,-31.103405
12507,2026-06-24T13:45:00+00:00,XAUUSD,Buy,4037.003758,4036.600098,4036.196438,4037.003758,0.0002,0.011324,0.0036,0.0036,0.0005,True,True,True,75,45,21.996242,-39.803806,-8.603855,21.996242,-10.40366,-6.90366,21.996242,-22.703709,-12.203709,21.996242,-24.40366,-39.803806
12508,2026-06-24T13:50:00+00:00,XAUUSD,Buy,4046.204629,4045.800049,4045.395469,4046.204629,0.0002,0.010793,0.0036,0.0036,0.0005,True,True,True,75,45,12.795371,-52.504678,-23.304726,12.795371,-23.704629,-23.704629,12.795371,-31.90458,-21.604531,12.795371,-33.604531,-49.204629
12509,2026-06-24T13:55:00+00:00,XAUUSD,Buy,4055.305392,4054.899902,4054.494412,4055.305392,0.0002,0.008155,0.0036,0.0036,0.0005,True,True,True,75,45,2.894559,-65.805392,-30.305392,2.894559,-35.305392,-35.805392,2.894559,-41.005344,-31.90549,2.894559,-42.705295,-65.505344
12513,2026-06-24T14:15:00+00:00,XAUUSD,Sell,4035.196538,4035.600098,4035.196538,4036.003658,0.0002,-0.00476,0.0036,0.0036,0.0005,True,True,True,55,45,59.496586,-17.003414,6.996586,20.896489,-17.003414,15.196538,22.59644,-17.003414,17.59644,22.59644,-17.003414,30.996586
12520,2026-06-24T14:50:00+00:00,XAUUSD,Sell,4022.497612,4022.899902,4022.497612,4023.302192,0.0002,-0.006225,0.0036,0.0036,0.0005,True,True,True,65,45,46.797661,-17.202339,-0.002388,8.197564,-11.40229,-2.102485,9.897515,-17.202339,25.497612,28.797661,-17.202339,23.797661
12527,2026-06-24T15:25:00+00:00,XAUUSD,Buy,4032.303092,4031.899902,4031.496712,4032.303092,0.0002,0.003659,0.0036,0.0036,0.0005,True,True,True,55,45,7.396859,-56.603141,1.396859,1.996956,-19.702995,-24.90319,7.396859,-25.503044,-25.003044,7.396859,-56.603141,-31.603141
12539,2026-06-24T16:25:00+00:00,XAUUSD,Buy,4034.103321,4033.699951,4033.296581,4034.103321,0.0002,0.004032,0.0036,0.0036,0.0005,True,True,True,55,45,5.59663,-58.40337,-26.703419,5.59663,-27.303272,-26.803272,5.59663,-58.40337,-33.40337,5.59663,-58.40337,-16.503224
12541,2026-06-24T16:35:00+00:00,XAUUSD,Buy,4035.4035,4035.0,4034.5965,4035.4035,0.0002,0.003731,0.0036,0.0036,0.0005,True,True,True,55,45,1.796451,-59.703549,-32.4035,1.796451,-35.4035,-33.4035,1.796451,-59.703549,-36.003598,1.796451,-59.703549,-22.203549
12550,2026-06-24T17:20:00+00:00,XAUUSD,Sell,4009.699088,4010.100098,4009.699088,4010.501108,0.0002,-0.004098,0.0036,0.0036,0.0005,True,True,True,55,45,33.999136,-15.200815,5.59899,33.999136,-3.800912,14.299185,33.999136,-3.800912,-5.90101,33.999136,-10.300912,-7.90101
12551,2026-06-24T17:25:00+00:00,XAUUSD,Sell,4006.999162,4007.399902,4006.999162,4007.800642,0.0002,-0.004002,0.0036,0.0036,0.0005,True,True,True,55,45,31.299211,-17.90074,-0.300886,31.299211,-2.500838,6.299211,31.299211,-4.700789,-10.600935,31.299211,-13.000838,-10.90074
12552,2026-06-24T17:30:00+00:00,XAUUSD,Sell,4002.699788,4003.100098,4002.699788,4003.500408,0.0002,-0.004947,0.0036,0.0036,0.0005,True,True,True,55,45,26.999836,-22.200115,-3.300212,26.999836,-9.000164,0.09969,26.999836,-9.000164,-13.700115,26.999836,-17.300212,-17.40031
12553,2026-06-24T17:35:00+00:00,XAUUSD,Sell,4002.5997,4003.0,4002.5997,4003.4003,0.0002,-0.003634,0.0036,0.0036,0.0005,True,True,True,55,45,26.899749,-22.300202,0.5997,26.899749,-9.100251,3.199798,26.899749,-9.100251,-10.600251,26.899749,-17.4003,-15.700349
12558,2026-06-24T18:00:00+00:00,XAUUSD,Sell,3983.001562,3983.399902,3983.001562,3983.798242,0.0002,-0.004498,0.0036,0.0036,0.0005,True,True,True,55,45,-0.698389,-41.89834,-16.39834,-0.698389,-28.698389,-31.698389,-0.698389,-32.698389,-40.598535,-0.698389,-41.89834,-28.198389
12583,2026-06-24T20:05:00+00:00,XAUUSD,Buy,4016.301492,4015.899902,4015.498312,4016.301492,0.0002,0.004201,0.0036,0.0036,0.0005,True,True,True,55,45,17.59841,-22.101541,3.198508,8.59841,-7.201395,-6.40159,8.59841,-10.301492,13.698508,17.59841,-10.301492,-9.701395
12613,2026-06-24T23:35:00+00:00,XAUUSD,Buy,4031.603071,4031.199951,4030.796831,4031.603071,0.0002,0.004435,0.0036,0.0036,0.0005,True,True,True,55,45,1.396929,-55.303022,-33.303022,1.396929,-34.703169,-28.90312,1.396929,-39.303022,-31.502974,1.396929,-55.303022,-44.40312
12623,2026-06-25T00:25:00+00:00,XAUUSD,Sell,4011.198938,4011.600098,4011.198938,4012.001258,0.0002,-0.004566,0.0036,0.0036,0.0005,True,True,True,55,45,34.898889,-10.200965,4.698938,16.998986,-10.200965,8.998986,34.898889,-10.200965,19.398889,34.898889,-10.200965,1.198938
12624,2026-06-25T00:30:00+00:00,XAUUSD,Sell,4002.799631,4003.199951,4002.799631,4003.600271,0.0002,-0.004328,0.0036,0.0036,0.0005,True,True,True,55,45,26.499582,-18.600271,3.899729,8.59968,-18.600271,3.899729,26.499582,-18.600271,11.199534,26.499582,-18.600271,-3.90032
12625,2026-06-25T00:35:00+00:00,XAUUSD,Sell,3997.900219,3998.300049,3997.900219,3998.699879,0.0002,-0.004977,0.0036,0.0036,0.0005,True,True,True,55,45,21.60017,-23.499684,-4.799732,5.60017,-23.499684,-2.199879,21.60017,-23.499684,10.700268,21.60017,-23.499684,-5.199879
12626,2026-06-25T00:40:00+00:00,XAUUSD,Sell,4000.799831,4001.199951,4000.799831,4001.600071,0.0002,-0.003983,0.0036,0.0036,0.0005,True,True,True,55,45,24.499782,-20.600071,3.299831,8.499782,-20.600071,6.399929,24.499782,-20.600071,10.399929,24.499782,-20.600071,-6.500218
12643,2026-06-25T02:05:00+00:00,XAUUSD,Sell,3981.201938,3981.600098,3981.201938,3981.998258,0.0002,-0.004799,0.0036,0.0036,0.0005,True,True,True,55,45,4.901889,-35.39816,-8.498014,4.901889,-25.39816,-29.998014,4.901889,-35.39816,-33.697965,4.901889,-35.39816,-20.098111
12647,2026-06-25T02:25:00+00:00,XAUUSD,Buy,4002.600171,4002.199951,4001.799731,4002.600171,0.0002,0.005174,0.0036,0.0036,0.0005,True,True,True,55,45,13.999926,-21.000074,-10.800122,2.499926,-21.000074,7.399829,13.999926,-21.000074,7.199878,13.999926,-21.000074,-3.000074
12648,2026-06-25T02:30:00+00:00,XAUUSD,Buy,3999.299792,3998.899902,3998.500012,3999.299792,0.0002,0.003916,0.0036,0.0036,0.0005,True,True,True,55,45,17.300305,-17.699695,-7.699695,5.800305,-17.699695,7.400159,17.300305,-17.699695,10.800305,17.300305,-17.699695,-3.599841
12664,2026-06-25T03:50:00+00:00,XAUUSD,Buy,4012.701279,4012.300049,4011.898819,4012.701279,0.0002,0.005186,0.0036,0.0036,0.0005,True,False,True,55,45,3.898819,-26.101181,-1.301376,3.898819,-13.201279,-8.90123,3.898819,-16.501328,-19.701279,3.898819,-23.801376,-19.90123
12665,2026-06-25T03:55:00+00:00,XAUUSD,Buy,4012.801142,4012.399902,4011.998662,4012.801142,0.0002,0.00632,0.0036,0.0036,0.0005,True,True,True,65,45,2.898809,-26.201045,-1.001094,0.398809,-13.301142,-11.201045,2.898809,-16.601191,-20.101191,2.898809,-23.90124,-9.301142
12666,2026-06-25T04:00:00+00:00,XAUUSD,Buy,4010.201029,4009.800049,4009.399069,4010.201029,0.0002,0.004862,0.0036,0.0036,0.0005,True,True,True,55,45,5.498922,-23.600931,2.798971,3.698874,-10.701029,-8.501078,5.498922,-14.001078,-15.201029,5.498922,-21.701029,-3.90098
12714,2026-06-25T08:00:00+00:00,XAUUSD,Buy,4006.700679,4006.300049,4005.899419,4006.700679,0.0002,0.004136,0.0036,0.0036,0.0005,True,True,True,55,45,11.199224,-18.100581,4.799321,11.199224,-6.500728,-4.90063,11.199224,-6.500728,-6.600581,11.199224,-10.300776,-8.700679
12769,2026-06-25T12:35:00+00:00,XAUUSD,Buy,4014.4014,4014.0,4013.5986,4014.4014,0.0002,0.003977,0.0036,0.0036,0.0005,True,False,True,55,45,45.5986,-6.701449,25.398649,35.498502,-6.701449,19.0986,35.498502,-6.701449,29.898649,42.498502,-6.701449,33.0986
12770,2026-06-25T12:40:00+00:00,XAUUSD,Buy,4021.802042,4021.399902,4020.997762,4021.802042,0.0002,0.006659,0.0036,0.0036,0.0005,True,True,True,65,45,38.197958,-6.701945,5.897909,28.09786,-2.40214,13.998006,28.09786,-6.701945,21.697958,35.09786,-6.701945,25.397909
12771,2026-06-25T12:45:00+00:00,XAUUSD,Buy,4029.90295,4029.5,4029.09705,4029.90295,0.0002,0.007501,0.0036,0.0036,0.0005,True,True,True,75,45,30.09705,-14.802852,-1.503048,19.996952,-6.202999,2.59705,19.996952,-14.802852,16.797001,26.996952,-14.802852,17.297001
12772,2026-06-25T12:50:00+00:00,XAUUSD,Buy,4031.90315,4031.5,4031.09685,4031.90315,0.0002,0.005186,0.0036,0.0036,0.0005,True,True,True,55,45,28.09685,-16.803052,-7.803052,17.996752,-9.003248,1.296801,17.996752,-16.803052,21.996752,25.696948,-16.803052,14.996752
12774,2026-06-25T13:00:00+00:00,XAUUSD,Buy,4045.204529,4044.800049,4044.395569,4045.204529,0.0002,0.005819,0.0036,0.0036,0.0005,True,True,True,65,45,14.795471,-30.104431,-14.604431,4.395569,-30.104431,-14.704529,4.395569,-30.104431,8.395569,13.495422,-30.104431,0.295471
12775,2026-06-25T13:05:00+00:00,XAUUSD,Buy,4045.804442,4045.399902,4044.995362,4045.804442,0.0002,0.003946,0.0036,0.0036,0.0005,True,True,True,55,45,14.195558,-30.704345,-13.104491,3.795655,-30.704345,-13.604491,3.795655,-30.704345,3.59546,12.895509,-30.704345,-0.104491
12776,2026-06-25T13:10:00+00:00,XAUUSD,Buy,4047.204729,4046.800049,4046.395369,4047.204729,0.0002,0.003795,0.0036,0.0036,0.0005,True,False,True,55,45,12.795271,-32.104631,-14.804826,-0.104631,-32.104631,-23.304826,-0.104631,-32.104631,5.59532,11.495222,-32.104631,-2.40468
12780,2026-06-25T13:30:00+00:00,XAUUSD,Sell,4029.296981,4029.699951,4029.296981,4030.102921,0.0002,-0.004226,0.0036,0.0036,0.0005,True,True,True,55,45,14.196884,-30.703019,-12.203019,14.196884,-16.303116,-8.703019,14.196884,-27.602921,-21.203019,14.196884,-30.703019,-18.102921
12785,2026-06-25T13:55:00+00:00,XAUUSD,Sell,4017.09825,4017.5,4017.09825,4017.90175,0.0002,-0.00552,0.0036,0.0036,0.0005,True,True,True,65,45,1.998152,-42.90175,-10.501848,1.998152,-28.501848,-40.40175,1.998152,-41.601701,-26.90175,1.998152,-42.90175,-33.101701
12789,2026-06-25T14:15:00+00:00,XAUUSD,Buy,4033.90335,4033.5,4033.09665,4033.90335,0.0002,0.003983,0.0036,0.0036,0.0005,True,True,True,55,45,26.09665,-13.503448,-3.40335,11.696748,-13.503448,22.396699,26.09665,-13.503448,11.996552,26.09665,-13.503448,19.696748
12802,2026-06-25T15:20:00+00:00,XAUUSD,Buy,4054.105321,4053.699951,4053.294581,4054.105321,0.0002,0.005756,0.0036,0.0036,0.0005,True,False,True,65,45,5.894679,-16.90537,3.09463,5.894679,-16.90537,-6.005224,5.894679,-16.90537,0.09463,5.894679,-16.90537,0.694728
12808,2026-06-25T15:50:00+00:00,XAUUSD,Buy,4054.305292,4053.899902,4053.494512,4054.305292,0.0002,0.003938,0.0036,0.0036,0.0005,True,True,True,55,45,5.694708,-17.305292,-7.40539,5.694708,-15.205195,-5.305292,5.694708,-15.205195,-3.40539,5.694708,-15.205195,-12.90539
12922,2026-06-26T02:20:00+00:00,XAUUSD,Sell,4020.797831,4021.199951,4020.797831,4021.602071,0.0002,-0.003642,0.0036,0.0036,0.0005,True,True,True,55,45,22.697734,-20.002218,11.997782,22.697734,-3.502218,-2.202169,22.697734,-6.802266,-7.602071,22.697734,-13.802266,-17.602071
12928,2026-06-26T02:50:00+00:00,XAUUSD,Sell,4000.999762,4001.399902,4000.999762,4001.800042,0.0002,-0.004131,0.0036,0.0036,0.0005,True,True,True,55,45,2.899665,-43.000238,-16.300286,2.899665,-16.600335,-28.600335,2.899665,-29.200189,-29.300286,2.899665,-36.100335,-38.100335
12970,2026-06-26T06:20:00+00:00,XAUUSD,Buy,4038.803742,4038.399902,4037.996062,4038.803742,0.0002,0.003853,0.0036,0.0036,0.0005,True,True,True,55,45,30.896209,-2.90384,6.196258,10.896209,-2.90384,7.296355,16.696258,-2.90384,24.496306,25.796355,-2.90384,20.696258
12971,2026-06-26T06:25:00+00:00,XAUUSD,Buy,4040.004058,4039.600098,4039.196138,4040.004058,0.0002,0.003852,0.0036,0.0036,0.0005,True,True,True,55,45,29.695894,-3.804106,13.695894,15.495942,-3.804106,10.795991,15.495942,-3.804106,23.59604,26.395845,-3.804106,23.295991
13005,2026-06-26T09:15:00+00:00,XAUUSD,Buy,4062.206229,4061.800049,4061.393869,4062.206229,0.0002,0.00388,0.0036,0.0036,0.0005,True,True,True,55,45,19.09382,-11.606131,-2.206229,7.493722,-4.006278,6.09382,8.793771,-4.706229,-3.106131,9.293771,-4.706229,2.993722
13049,2026-06-26T12:55:00+00:00,XAUUSD,Buy,4074.4074,4074.0,4073.5926,4074.4074,0.0002,0.003671,0.0036,0.0036,0.0005,True,False,True,55,45,37.0926,-16.707449,14.292551,18.692698,-16.707449,21.292551,34.292795,-16.707449,31.892405,37.0926,-16.707449,25.492502
13061,2026-06-26T13:55:00+00:00,XAUUSD,Buy,4089.108821,4088.699951,4088.291081,4089.108821,0.0002,0.006697,0.0036,0.0036,0.0005,True,True,True,65,45,22.391179,-6.108821,6.59113,19.591374,-6.108821,17.190984,22.391179,-6.108821,10.791081,22.391179,-6.108821,0.491276
13062,2026-06-26T14:00:00+00:00,XAUUSD,Buy,4093.4093,4093.0,4092.5907,4093.4093,0.0002,0.003851,0.0036,0.0036,0.0005,True,True,True,55,45,18.0907,-6.109251,0.890749,15.290895,-5.9093,13.490602,18.0907,-5.9093,6.190798,18.0907,-5.9093,-2.009398
13063,2026-06-26T14:05:00+00:00,XAUUSD,Buy,4095.309392,4094.899902,4094.490412,4095.309392,0.0002,0.004514,0.0036,0.0036,0.0005,True,True,True,55,45,16.190608,-8.009344,0.690608,13.390803,-4.609441,9.09051,16.190608,-4.609441,6.690608,16.190608,-4.609441,-3.109441
13064,2026-06-26T14:10:00+00:00,XAUUSD,Buy,4098.209585,4097.799805,4097.390025,4098.209585,0.0002,0.004683,0.0036,0.0036,0.0005,True,True,True,55,45,13.290415,-10.909536,-3.909536,10.490611,-7.509633,8.59022,13.290415,-7.509633,0.190318,13.290415,-7.509633,-6.609487
13065,2026-06-26T14:15:00+00:00,XAUUSD,Buy,4104.710235,4104.299805,4103.889375,4104.710235,0.0002,0.003815,0.0036,0.0036,0.0005,True,True,True,55,45,6.789765,-17.410186,-7.710235,3.389863,-14.010283,0.989961,6.789765,-14.010283,-7.91043,6.789765,-14.010283,-15.610137
13148,2026-06-28T22:20:00+00:00,XAUUSD,Sell,4073.5926,4074.0,4073.5926,4074.4074,0.0002,-0.005323,0.0036,0.0036,0.0005,True,True,True,55,45,10.992502,-15.107351,1.892649,3.992502,-11.207449,6.5926,8.992502,-11.207449,-3.107351,10.992502,-15.107351,-8.4074
13149,2026-06-28T22:25:00+00:00,XAUUSD,Sell,4070.892919,4071.300049,4070.892919,4071.707179,0.0002,-0.006103,0.0036,0.0036,0.0005,True,True,True,65,45,8.292821,-17.807032,-0.307032,1.692968,-13.90713,8.292821,8.292821,-13.90713,-3.40713,8.292821,-17.807032,-12.40713
13176,2026-06-29T00:40:00+00:00,XAUUSD,Buy,4083.708379,4083.300049,4082.891719,4083.708379,0.0002,0.004008,0.0036,0.0036,0.0005,True,False,True,55,45,6.691524,-16.808476,-6.208379,4.991572,-15.708379,-9.008428,4.991572,-15.708379,-1.208379,6.691524,-15.708379,-12.308476
13177,2026-06-29T00:45:00+00:00,XAUUSD,Buy,4080.708079,4080.300049,4079.892019,4080.708079,0.0002,0.004357,0.0036,0.0036,0.0005,True,True,True,55,45,9.691824,-13.808176,-5.607981,7.991872,-12.708079,1.392019,7.991872,-12.708079,1.291921,9.691824,-12.708079,-9.708079
13178,2026-06-29T00:50:00+00:00,XAUUSD,Buy,4084.308292,4083.899902,4083.491512,4084.308292,0.0002,0.003736,0.0036,0.0036,0.0005,True,True,True,55,45,6.09161,-17.40839,-8.90839,4.391659,-16.308292,-1.808292,4.391659,-16.308292,0.191708,6.09161,-16.308292,-16.208195
13275,2026-06-29T08:55:00+00:00,XAUUSD,Sell,4060.493812,4060.899902,4060.493812,4061.305992,0.0002,-0.003851,0.0036,0.0036,0.0005,True,True,True,55,45,22.393715,-8.90609,14.693764,22.393715,-8.90609,9.393715,22.393715,-8.90609,7.193764,22.393715,-8.90609,2.693764
