timestamp,symbol,side,score,decision,block_reason,entry_price,stop_loss,take_profit,session,simulated_outcome,simulated_mfe,simulated_mae
2026-06-05 00:14:07,USDJPY,Buy,,Admitted,,159.99599999999998,159.19602,161.59596,,Executed_Real,,
2026-06-05 00:14:07,XAUUSD,Sell,,Admitted,,4455.52,4477.7976,4410.9648,,Executed_Real,,
2026-06-05 00:39:24,XAGUSD,Buy,,Admitted,,73.5965,73.22852,74.33247,,Executed_Real,,
2026-06-05 01:04:42,AUDUSD,Sell,,Admitted,,0.71163,0.71519,0.70451,,Executed_Real,,
2026-06-05 01:04:42,NZDUSD,Sell,,Admitted,,0.5860000000000001,0.58893,0.58014,,Executed_Real,,
2026-06-05 01:04:42,XAGUSD,Sell,,Admitted,,72.98925,73.3542,72.25936,,Executed_Real,,
2026-06-05 05:58:01,XAGUSD,Sell,,Admitted,,72.1985,72.55949,71.47651,,Executed_Real,,
2026-06-05 06:18:16,XAGUSD,Sell,,Admitted,,71.428,71.78514,70.71372,,Executed_Real,,
2026-06-05 06:28:23,XAGUSD,Sell,,Admitted,,72.0352,72.39538,71.31485,,Executed_Real,,
2026-06-05 06:38:29,XAGUSD,Buy,,Admitted,,72.3955,72.03352,73.11946,,Executed_Real,,
2026-06-05 10:24:33,XAGUSD,Buy,,Admitted,,72.832,72.46784,73.56032,,Executed_Real,,
2026-06-05 11:04:43,XAGUSD,Sell,,Admitted,,72.6356,72.99878,71.90924,,Executed_Real,,
2026-06-05 11:14:46,XAGUSD,Sell,,Admitted,,72.5715,72.93436,71.84579,,Executed_Real,,
2026-06-05 11:29:50,XAGUSD,Buy,,Admitted,,72.7835,72.41958,73.51134,,Executed_Real,,
2026-06-05 11:54:56,XAGUSD,Buy,,Admitted,,73.0155,72.65042,73.74565,,Executed_Real,,
2026-06-05 12:04:58,XAGUSD,Sell,,Admitted,,72.824,73.18812,72.09576,,Executed_Real,,
2026-06-05 12:10:00,XAGUSD,Buy,,Admitted,,73.1355,72.76982,73.86685,,Executed_Real,,
2026-06-05 12:20:03,XAGUSD,Buy,,Admitted,,73.3568,72.99002,74.09037,,Executed_Real,,
2026-06-05 12:25:04,XAGUSD,Buy,,Admitted,,73.4525,73.08524,74.18703,,Executed_Real,,
2026-06-05 12:30:05,AUDUSD,Sell,,Admitted,,0.71286,0.71642,0.70573,,Executed_Real,,
2026-06-05 12:35:07,NZDUSD,Sell,,Admitted,,0.58586,0.58879,0.58,,Executed_Real,,
2026-06-05 12:40:08,XAGUSD,Sell,,Admitted,,72.5675,72.93034,71.84183,,Executed_Real,,
2026-06-05 12:50:10,XAGUSD,Sell,,Admitted,,72.3977,72.75969,71.67372,,Executed_Real,,
2026-06-05 12:55:11,AUDUSD,Sell,,Admitted,,0.71071,0.71426,0.7036,,Executed_Real,,
2026-06-05 13:00:12,AUDUSD,Sell,,Admitted,,0.71007,0.71362,0.70297,,Executed_Real,,
2026-06-05 13:05:14,GBPJPY,Sell,,Admitted,,214.588,215.66094,212.44212,,Executed_Real,,
2026-06-05 13:10:15,XAUUSD,Buy,,Admitted,,4416.7,4394.6165,4460.867,,Executed_Real,,
2026-06-05 13:20:18,XAGUSD,Sell,,Admitted,,71.0605,71.4158,70.3499,,Executed_Real,,
2026-06-05 13:30:20,XAGUSD,Sell,,Admitted,,70.8485,71.20274,70.14002,,Executed_Real,,
2026-06-05 13:35:22,XAGUSD,Sell,,Admitted,,70.7463,71.10003,70.03884,,Executed_Real,,
2026-06-05 13:40:23,XAGUSD,Sell,,Admitted,,70.6205,70.9736,69.9143,,Executed_Real,,
2026-06-05 13:45:24,EURJPY,Sell,,Admitted,,185.273,186.19936,183.42027,,Executed_Real,,
2026-06-05 13:50:26,GBPJPY,Buy,,Admitted,,214.681,213.6076,216.82781,,Executed_Real,,
2026-06-05 13:55:27,XAGUSD,Sell,,Admitted,,70.251,70.60225,69.54849,,Executed_Real,,
2026-06-05 14:00:28,XAGUSD,Sell,,Admitted,,69.5459,69.89363,68.85044,,Executed_Real,,
2026-06-05 14:05:30,XAGUSD,Sell,,Admitted,,69.7305,70.07915,69.0332,,Executed_Real,,
2026-06-05 14:10:31,XAGUSD,Sell,,Admitted,,69.6325,69.98066,68.93617,,Executed_Real,,
2026-06-05 14:20:33,XAGUSD,Buy,,Admitted,,69.57,69.22215,70.2657,,Executed_Real,,
2026-06-05 14:30:36,XAGUSD,Buy,,Admitted,,69.325,68.97837,70.01825,,Executed_Real,,
2026-06-05 14:35:38,XAGUSD,Sell,,Admitted,,69.0292,69.37435,68.33891,,Executed_Real,,
2026-06-05 14:40:39,XAGUSD,Sell,,Admitted,,68.8785,69.22289,68.18972,,Executed_Real,,
2026-06-05 14:45:40,XAGUSD,Buy,,Admitted,,69.0135,68.66843,69.70363,,Executed_Real,,
2026-06-05 14:50:41,XAUUSD,Buy,,Admitted,,4359.15,4337.35425,4402.7415,,Executed_Real,,
2026-06-05 14:55:43,XAGUSD,Buy,,Admitted,,69.1765,68.83062,69.86827,,Executed_Real,,
2026-06-05 15:00:45,XAGUSD,Buy,,Admitted,,69.4925,69.14504,70.18743,,Executed_Real,,
2026-06-05 15:05:46,XAGUSD,Sell,,Admitted,,69.3239,69.67052,68.63066,,Executed_Real,,
2026-06-05 15:10:47,XAGUSD,Sell,,Admitted,,69.1495,69.49525,68.458,,Executed_Real,,
2026-06-05 15:20:50,XAUUSD,Sell,,Admitted,,4348.89,4370.63445,4305.4011,,Executed_Real,,
2026-06-05 15:30:52,XAGUSD,Buy,,Admitted,,69.064,68.71868,69.75464,,Executed_Real,,
2026-06-05 15:35:54,XAGUSD,Sell,,Admitted,,68.815,69.15907,68.12685,,Executed_Real,,
2026-06-05 15:40:55,XAUUSD,Sell,,Admitted,,4339.47,4361.16735,4296.0753,,Executed_Real,,
2026-06-05 16:01:00,XAGUSD,Sell,,Admitted,,68.667,69.01033,67.98033,,Executed_Real,,
2026-06-05 16:11:03,XAGUSD,Buy,,Admitted,,68.8314,68.48724,69.51971,,Executed_Real,,
2026-06-05 16:16:04,XAGUSD,Sell,,Admitted,,68.65,68.99325,67.9635,,Executed_Real,,
2026-06-05 16:26:06,XAGUSD,Buy,,Admitted,,68.9875,68.64256,69.67737,,Executed_Real,,
2026-06-05 16:31:08,XAGUSD,Sell,,Admitted,,68.7455,69.08923,68.05805,,Executed_Real,,
2026-06-05 16:41:10,XAUUSD,Buy,,Admitted,,4330.96,4309.3052,4374.2696,,Executed_Real,,
2026-06-05 16:46:12,XAGUSD,Sell,,Admitted,,68.5545,68.89727,67.86895,,Executed_Real,,
2026-06-05 16:51:13,XAGUSD,Buy,,Admitted,,68.821,68.47689,69.50921,,Executed_Real,,
2026-06-05 16:56:14,XAGUSD,Buy,,Admitted,,68.9935,68.64853,69.68344,,Executed_Real,,
2026-06-05 17:01:15,XAGUSD,Buy,,Admitted,,69.1915,68.84554,69.88341,,Executed_Real,,
2026-06-05 17:06:17,XAGUSD,Sell,,Admitted,,69.077,69.42238,68.38623,,Executed_Real,,
2026-06-05 17:11:18,XAGUSD,Sell,,Admitted,,68.946,69.29073,68.25654,,Executed_Real,,
2026-06-05 17:16:19,XAGUSD,Buy,,Admitted,,69.1445,68.79878,69.83594,,Executed_Real,,
2026-06-05 17:26:21,XAGUSD,Sell,,Admitted,,68.9295,69.27415,68.24021,,Executed_Real,,
2026-06-05 17:46:26,XAGUSD,Sell,,Admitted,,68.844,69.18822,68.15556,,Executed_Real,,
2026-06-05 18:06:31,XAGUSD,Sell,,Admitted,,68.6505,68.99375,67.96399,,Executed_Real,,
2026-06-05 18:11:32,XAGUSD,Sell,,Admitted,,68.5599,68.9027,67.8743,,Executed_Real,,
2026-06-05 18:16:33,XAGUSD,Sell,,Admitted,,68.295,68.63647,67.61205,,Executed_Real,,
2026-06-05 18:21:35,XAGUSD,Buy,,Admitted,,68.412,68.06994,69.09612,,Executed_Real,,
2026-06-05 18:26:36,XAGUSD,Sell,,Admitted,,68.1524,68.49316,67.47088,,Executed_Real,,
2026-06-05 18:41:40,XAGUSD,Sell,,Admitted,,68.0748,68.41517,67.39405,,Executed_Real,,
2026-06-05 18:56:44,XAGUSD,Buy,,Admitted,,68.3455,68.00377,69.02895,,Executed_Real,,
2026-06-05 19:01:45,XAGUSD,Sell,,Admitted,,68.106,68.44653,67.42494,,Executed_Real,,
2026-06-05 19:16:50,XAGUSD,Sell,,Admitted,,68.012,68.35206,67.33188,,Executed_Real,,
2026-06-05 19:21:51,XAGUSD,Buy,,Admitted,,68.15,67.80925,68.8315,,Executed_Real,,
2026-06-05 19:36:55,XAGUSD,Sell,,Admitted,,68.075,68.41537,67.39425,,Executed_Real,,
2026-06-05 19:41:56,XAGUSD,Sell,,Admitted,,67.8581,68.19739,67.17952,,Executed_Real,,
2026-06-05 19:46:58,XAGUSD,Buy,,Admitted,,68.1195,67.7789,68.8007,,Executed_Real,,
2026-06-05 19:57:06,XAGUSD,Sell,,Admitted,,68.0365,68.37668,67.35614,,Executed_Real,,
2026-06-05 20:02:07,XAGUSD,Sell,,Admitted,,67.8625,68.20181,67.18388,,Executed_Real,,
2026-06-05 20:07:08,XAGUSD,Sell,,Admitted,,67.6306,67.96875,66.95429,,Executed_Real,,
2026-06-05 20:22:12,XAGUSD,Buy,,Admitted,,67.7042,67.36568,68.38124,,Executed_Real,,
2026-06-05 20:27:14,XAGUSD,Buy,,Admitted,,67.8535,67.51423,68.53203,,Executed_Real,,
2026-06-05 20:42:18,XAGUSD,Sell,,Admitted,,67.6825,68.02091,67.00568,,Executed_Real,,
2026-06-05 20:52:21,XAGUSD,Buy,,Admitted,,67.9425,67.60279,68.62192,,Executed_Real,,
2026-06-22 01:11:36,AUDUSD,Sell,,Admitted,,0.70138,0.70489,0.69437,,Executed_Real,,
2026-06-22 01:11:36,EURJPY,Buy,,Admitted,,185.2045,184.27848,187.05654,,Executed_Real,,
2026-06-22 01:11:36,EURUSD,Sell,,Admitted,,1.14709,1.15283,1.13562,,Executed_Real,,
2026-06-22 01:11:36,GBPJPY,Sell,,Admitted,,213.615,214.68307,211.47885,,Executed_Real,,
2026-06-22 01:11:36,GBPUSD,Sell,,Admitted,,1.32307,1.32969,1.30984,,Executed_Real,,
2026-06-22 01:11:36,NZDUSD,Sell,-0.009793,Blocked_Admission,Currency cluster gate: Long USD exposure at limit (3/3).,0.57384,0.0,0.0,UNKNOWN,No_Risk_Brackets,,
2026-06-22 01:11:36,USDCAD,Buy,0.016273,Blocked_Admission,Currency cluster gate: Long USD exposure at limit (3/3).,1.41703,0.0,0.0,UNKNOWN,No_Risk_Brackets,,
2026-06-22 01:11:36,USDCHF,Buy,0.013935,Blocked_Admission,Currency cluster gate: Long USD exposure at limit (3/3).,0.8072699999999999,0.0,0.0,UNKNOWN,No_Risk_Brackets,,
2026-06-22 01:11:36,USDJPY,Buy,0.007083,Blocked_Admission,Currency cluster gate: Long USD exposure at limit (3/3).,161.45600000000002,0.0,0.0,UNKNOWN,No_Risk_Brackets,,
2026-06-22 01:12:00,NZDUSD,Sell,,Admitted,,0.57388,0.57675,0.56814,,Executed_Real,,
2026-06-22 01:12:00,USDJPY,Buy,,Admitted,,161.454,160.64673,163.06854,,Executed_Real,,
2026-06-22 01:12:00,USDCHF,Buy,,Admitted,,0.80721,0.80317,0.81528,,Executed_Real,,
2026-06-22 01:12:00,USDCAD,Buy,,Admitted,,1.41697,1.40989,1.43114,,Executed_Real,,
2026-06-22 01:12:00,XAUUSD,Sell,,Admitted,,4210.450000000001,4231.50225,4168.3455,,Executed_Real,,
2026-06-22 01:12:00,XAGUSD,Sell,,Admitted,,66.681,67.0144,66.01419,,Executed_Real,,
2026-06-22 02:11:55,XAGUSD,Sell,,Admitted,,65.9237,66.25332,65.26446,,Executed_Real,,
2026-06-22 02:30:10,XAUUSD,Buy,71,Blocked_Admission,Trade admission score 71/85 is too low.; Momentum is only marginal versus AA's threshold.; Recent XAUUSD paper performance is slightly negative.; Metals require higher confirmation and reduced size.,4189.795,0.0,0.0,UNKNOWN,No_Risk_Brackets,,
2026-06-22 02:35:12,XAUUSD,Buy,,Admitted,,4194.94,4173.9653,4236.8894,,Executed_Real,,
2026-06-22 02:35:12,XAGUSD,Buy,83,Blocked_Admission,Trade admission score 83/85 is too low.; Recent XAGUSD paper performance is slightly negative.; Metals require higher confirmation and reduced size.,66.03049999999999,0.0,0.0,UNKNOWN,No_Risk_Brackets,,
2026-06-22 02:40:14,XAGUSD,Buy,43,Blocked_Admission,"Trade admission score 43/85 is too low.; Tick path is choppy, not a clean intraday push.; Recent XAGUSD paper performance is slightly negative.; Similar currency theme is already active in the book.; Metals require higher confirmation and reduced size.; Metals concentration gate: active metals count 1 at limit 1.",66.03,0.0,0.0,UNKNOWN,No_Risk_Brackets,,
2026-06-22 02:45:15,XAGUSD,Sell,73,Blocked_Admission,Trade admission score 73/85 is too low.; Recent XAGUSD paper performance is slightly negative.; Similar currency theme is already active in the book.; Metals require higher confirmation and reduced size.; Metals concentration gate: active metals count 1 at limit 1.,65.781,0.0,0.0,UNKNOWN,No_Risk_Brackets,,
2026-06-22 02:50:17,XAGUSD,Sell,73,Blocked_Admission,Trade admission score 73/85 is too low.; Recent XAGUSD paper performance is slightly negative.; Similar currency theme is already active in the book.; Metals require higher confirmation and reduced size.; Metals concentration gate: active metals count 1 at limit 1.,65.6875,0.0,0.0,UNKNOWN,No_Risk_Brackets,,
2026-06-22 02:55:19,XAGUSD,Sell,73,Blocked_Admission,Trade admission score 73/85 is too low.; Recent XAGUSD paper performance is slightly negative.; Similar currency theme is already active in the book.; Metals require higher confirmation and reduced size.; Metals concentration gate: active metals count 1 at limit 1.,65.678,0.0,0.0,UNKNOWN,No_Risk_Brackets,,
2026-06-22 03:00:20,XAGUSD,Sell,73,Blocked_Admission,Trade admission score 73/85 is too low.; Recent XAGUSD paper performance is slightly negative.; Similar currency theme is already active in the book.; Metals require higher confirmation and reduced size.; Metals concentration gate: active metals count 1 at limit 1.,65.7185,0.0,0.0,UNKNOWN,No_Risk_Brackets,,
2026-06-22 03:05:22,XAGUSD,Sell,63,Blocked_Admission,Trade admission score 63/85 is too low.; Recent XAGUSD paper performance is slightly negative.; Similar currency theme is already active in the book.; Metals require higher confirmation and reduced size.; Metals concentration gate: active metals count 1 at limit 1.,65.69550000000001,0.0,0.0,UNKNOWN,No_Risk_Brackets,,
2026-06-22 03:10:23,XAGUSD,Sell,73,Blocked_Admission,Trade admission score 73/85 is too low.; Recent XAGUSD paper performance is slightly negative.; Similar currency theme is already active in the book.; Metals require higher confirmation and reduced size.; Metals concentration gate: active metals count 1 at limit 1.,65.533,0.0,0.0,UNKNOWN,No_Risk_Brackets,,
2026-06-22 03:20:27,XAGUSD,Sell,73,Blocked_Admission,Trade admission score 73/85 is too low.; Recent XAGUSD paper performance is slightly negative.; Similar currency theme is already active in the book.; Metals require higher confirmation and reduced size.; Metals concentration gate: active metals count 1 at limit 1.,65.59,0.0,0.0,UNKNOWN,No_Risk_Brackets,,
2026-06-22 03:30:30,XAGUSD,Buy,73,Blocked_Admission,Trade admission score 73/85 is too low.; Recent XAGUSD paper performance is slightly negative.; Similar currency theme is already active in the book.; Metals require higher confirmation and reduced size.; Metals concentration gate: active metals count 1 at limit 1.,65.729,0.0,0.0,UNKNOWN,No_Risk_Brackets,,
2026-06-22 03:45:34,XAGUSD,Sell,53,Blocked_Admission,"Trade admission score 53/85 is too low.; Tick path is choppy, not a clean intraday push.; Recent XAGUSD paper performance is slightly negative.; Similar currency theme is already active in the book.; Metals require higher confirmation and reduced size.; Metals concentration gate: active metals count 1 at limit 1.",65.58500000000001,0.0,0.0,UNKNOWN,No_Risk_Brackets,,
2026-06-22 03:52:17,XAGUSD,Sell,73,Blocked_Admission,Trade admission score 73/85 is too low.; Recent XAGUSD paper performance is slightly negative.; Similar currency theme is already active in the book.; Metals require higher confirmation and reduced size.; Metals concentration gate: active metals count 1 at limit 1.,65.509,0.0,0.0,UNKNOWN,No_Risk_Brackets,,
2026-06-22 03:57:18,XAGUSD,Sell,83,Blocked_Admission,Trade admission score 83/85 is too low.; Recent XAGUSD paper performance is slightly negative.; Metals require higher confirmation and reduced size.,65.4795,0.0,0.0,UNKNOWN,No_Risk_Brackets,,
2026-06-22 03:57:18,XAUUSD,Sell,75,Blocked_Admission,Trade admission score 75/85 is too low.; Recent XAUUSD paper performance is poor.; Metals require higher confirmation and reduced size.; Post-stop quarantine active.,4172.08,0.0,0.0,UNKNOWN,No_Risk_Brackets,,
2026-06-22 04:02:20,XAGUSD,Sell,53,Blocked_Admission,"Trade admission score 53/85 is too low.; Tick path is choppy, not a clean intraday push.; Recent XAGUSD paper performance is slightly negative.; Metals require higher confirmation and reduced size.",65.489,0.0,0.0,UNKNOWN,No_Risk_Brackets,,
2026-06-22 04:02:20,XAUUSD,Sell,75,Blocked_Admission,Trade admission score 75/85 is too low.; Recent XAUUSD paper performance is poor.; Metals require higher confirmation and reduced size.; Post-stop quarantine active.,4171.365,0.0,0.0,UNKNOWN,No_Risk_Brackets,,
2026-06-22 04:12:23,XAGUSD,Buy,83,Blocked_Admission,Trade admission score 83/85 is too low.; Recent XAGUSD paper performance is slightly negative.; Metals require higher confirmation and reduced size.,65.656,0.0,0.0,UNKNOWN,No_Risk_Brackets,,
2026-06-22 04:17:24,XAGUSD,Buy,73,Blocked_Admission,Trade admission score 73/85 is too low.; Recent XAGUSD paper performance is slightly negative.; Metals require higher confirmation and reduced size.,65.576,0.0,0.0,UNKNOWN,No_Risk_Brackets,,
2026-06-22 04:17:24,XAUUSD,Buy,75,Blocked_Admission,Trade admission score 75/85 is too low.; Recent XAUUSD paper performance is poor.; Metals require higher confirmation and reduced size.,4177.605,0.0,0.0,UNKNOWN,No_Risk_Brackets,,
2026-06-22 04:22:26,XAGUSD,Buy,73,Blocked_Admission,Trade admission score 73/85 is too low.; Recent XAGUSD paper performance is slightly negative.; Metals require higher confirmation and reduced size.,65.589,0.0,0.0,UNKNOWN,No_Risk_Brackets,,
2026-06-22 04:22:26,XAUUSD,Buy,75,Blocked_Admission,Trade admission score 75/85 is too low.; Recent XAUUSD paper performance is poor.; Metals require higher confirmation and reduced size.,4178.15,0.0,0.0,UNKNOWN,No_Risk_Brackets,,
2026-06-22 04:27:27,XAGUSD,Sell,63,Blocked_Admission,"Trade admission score 63/85 is too low.; Tick path is choppy, not a clean intraday push.; Recent XAGUSD paper performance is slightly negative.; Metals require higher confirmation and reduced size.",65.49000000000001,0.0,0.0,UNKNOWN,No_Risk_Brackets,,
2026-06-22 04:32:28,XAGUSD,Sell,63,Blocked_Admission,"Trade admission score 63/85 is too low.; Tick path is choppy, not a clean intraday push.; Recent XAGUSD paper performance is slightly negative.; Metals require higher confirmation and reduced size.",65.53385,0.0,0.0,UNKNOWN,No_Risk_Brackets,,
2026-06-22 04:42:31,XAGUSD,Sell,53,Blocked_Admission,"Trade admission score 53/85 is too low.; Tick path is choppy, not a clean intraday push.; Recent XAGUSD paper performance is slightly negative.; Metals require higher confirmation and reduced size.",65.49765,0.0,0.0,UNKNOWN,No_Risk_Brackets,,
2026-06-22 04:47:33,XAGUSD,Buy,73,Blocked_Admission,Trade admission score 73/85 is too low.; Recent XAGUSD paper performance is slightly negative.; Metals require higher confirmation and reduced size.,65.596,0.0,0.0,UNKNOWN,No_Risk_Brackets,,
2026-06-22 04:57:36,XAGUSD,Sell,55,Blocked_Admission,Trade admission score 55/85 is too low.; Momentum is only marginal versus AA's threshold.; Spread is acceptable but not strong enough for aggressive entry.; Recent XAGUSD paper performance is slightly negative.; Metals require higher confirmation and reduced size.,65.48400000000001,0.0,0.0,UNKNOWN,No_Risk_Brackets,,
2026-06-22 05:02:38,XAUUSD,Buy,75,Blocked_Admission,Trade admission score 75/85 is too low.; Recent XAUUSD paper performance is poor.; Metals require higher confirmation and reduced size.,4181.959999999999,0.0,0.0,UNKNOWN,No_Risk_Brackets,,
2026-06-22 05:12:41,XAUUSD,Buy,55,Blocked_Admission,"Trade admission score 55/85 is too low.; Tick path is choppy, not a clean intraday push.; Recent XAUUSD paper performance is poor.; Metals require higher confirmation and reduced size.",4184.37,0.0,0.0,UNKNOWN,No_Risk_Brackets,,
2026-06-22 05:17:43,XAUUSD,Buy,85.0,Admitted,,4187.1,4166.1645,4228.971,Asia,Executed_Real,,
2026-06-22 05:17:43,XAGUSD,Buy,83,Blocked_Admission,Trade admission score 83/85 is too low.; Recent XAGUSD paper performance is slightly negative.; Metals require higher confirmation and reduced size.,65.60499999999999,0.0,0.0,UNKNOWN,No_Risk_Brackets,,
2026-06-22 05:22:44,XAGUSD,Buy,73,Blocked_Admission,Trade admission score 73/85 is too low.; Recent XAGUSD paper performance is slightly negative.; Similar currency theme is already active in the book.; Metals require higher confirmation and reduced size.; Metals concentration gate: active metals count 1 at limit 1.,65.69024999999999,0.0,0.0,UNKNOWN,No_Risk_Brackets,,
2026-06-22 05:27:47,XAGUSD,Buy,83,Blocked_Admission,Trade admission score 83/85 is too low.; Recent XAGUSD paper performance is slightly negative.; Metals require higher confirmation and reduced size.,65.7325,0.0,0.0,UNKNOWN,No_Risk_Brackets,,
2026-06-22 05:27:47,XAUUSD,Buy,75,Blocked_Admission,Trade admission score 75/85 is too low.; Recent XAUUSD paper performance is poor.; Metals require higher confirmation and reduced size.,4188.1,0.0,0.0,UNKNOWN,No_Risk_Brackets,,
2026-06-22 05:32:48,XAGUSD,Buy,83,Blocked_Admission,Trade admission score 83/85 is too low.; Recent XAGUSD paper performance is slightly negative.; Metals require higher confirmation and reduced size.,66.06049999999999,0.0,0.0,UNKNOWN,No_Risk_Brackets,,
2026-06-22 05:32:48,XAUUSD,Buy,75,Blocked_Admission,Trade admission score 75/85 is too low.; Recent XAUUSD paper performance is poor.; Metals require higher confirmation and reduced size.,4190.34,0.0,0.0,UNKNOWN,No_Risk_Brackets,,
2026-06-22 05:37:49,XAUUSD,Buy,85.0,Admitted,,4196.83,4175.84585,4238.7983,Asia,Executed_Real,,
2026-06-22 05:37:49,XAGUSD,Buy,83,Blocked_Admission,Trade admission score 83/85 is too low.; Recent XAGUSD paper performance is slightly negative.; Metals require higher confirmation and reduced size.,66.36095,0.0,0.0,UNKNOWN,No_Risk_Brackets,,
2026-06-22 05:42:51,XAGUSD,Buy,73,Blocked_Admission,Trade admission score 73/85 is too low.; Recent XAGUSD paper performance is slightly negative.; Similar currency theme is already active in the book.; Metals require higher confirmation and reduced size.; Metals concentration gate: active metals count 1 at limit 1.,66.40935,0.0,0.0,UNKNOWN,No_Risk_Brackets,,
2026-06-22 05:47:53,XAGUSD,Buy,73,Blocked_Admission,Trade admission score 73/85 is too low.; Recent XAGUSD paper performance is slightly negative.; Similar currency theme is already active in the book.; Metals require higher confirmation and reduced size.; Metals concentration gate: active metals count 1 at limit 1.,66.33680000000001,0.0,0.0,UNKNOWN,No_Risk_Brackets,,
2026-06-22 05:52:55,XAGUSD,Buy,73,Blocked_Admission,Trade admission score 73/85 is too low.; Recent XAGUSD paper performance is slightly negative.; Similar currency theme is already active in the book.; Metals require higher confirmation and reduced size.; Metals concentration gate: active metals count 1 at limit 1.,66.524,0.0,0.0,UNKNOWN,No_Risk_Brackets,,
2026-06-22 05:57:57,AUDUSD,Sell,73.0,Admitted,,0.70007,0.70357,0.69307,Asia,Executed_Real,,
2026-06-22 06:08:00,XAGUSD,Buy,73,Blocked_Admission,Trade admission score 73/85 is too low.; Recent XAGUSD paper performance is slightly negative.; Similar currency theme is already active in the book.; Metals require higher confirmation and reduced size.; Metals concentration gate: active metals count 1 at limit 1.,66.5038,0.0,0.0,UNKNOWN,No_Risk_Brackets,,
2026-06-22 06:18:03,XAGUSD,Buy,83,Blocked_Admission,Trade admission score 83/85 is too low.; Recent XAGUSD paper performance is slightly negative.; Metals require higher confirmation and reduced size.,66.66499999999999,0.0,0.0,UNKNOWN,No_Risk_Brackets,,
2026-06-22 06:23:05,XAGUSD,Buy,73,Blocked_Admission,Trade admission score 73/85 is too low.; Recent XAGUSD paper performance is slightly negative.; Metals require higher confirmation and reduced size.,66.56875,0.0,0.0,UNKNOWN,No_Risk_Brackets,,
2026-06-22 06:38:10,XAGUSD,Sell,83,Blocked_Admission,Trade admission score 83/85 is too low.; Recent XAGUSD paper performance is slightly negative.; Metals require higher confirmation and reduced size.,66.5145,0.0,0.0,UNKNOWN,No_Risk_Brackets,,
2026-06-22 06:48:14,XAGUSD,Buy,53,Blocked_Admission,"Trade admission score 53/85 is too low.; Tick path is choppy, not a clean intraday push.; Recent XAGUSD paper performance is slightly negative.; Metals require higher confirmation and reduced size.",66.63855000000001,0.0,0.0,UNKNOWN,No_Risk_Brackets,,
2026-06-22 06:48:14,XAUUSD,Buy,65,Blocked_Admission,Trade admission score 65/85 is too low.; Momentum is only marginal versus AA's threshold.; Recent XAUUSD paper performance is poor.; Metals require higher confirmation and reduced size.,4202.535,0.0,0.0,UNKNOWN,No_Risk_Brackets,,
2026-06-22 06:53:16,XAUUSD,Buy,85.0,Admitted,,4205.28,4184.2536,4247.3328,Asia,Executed_Real,,
2026-06-22 06:53:16,XAGUSD,Buy,83,Blocked_Admission,Trade admission score 83/85 is too low.; Recent XAGUSD paper performance is slightly negative.; Metals require higher confirmation and reduced size.,66.7,0.0,0.0,UNKNOWN,No_Risk_Brackets,,
2026-06-22 06:58:17,XAGUSD,Buy,73,Blocked_Admission,Trade admission score 73/85 is too low.; Recent XAGUSD paper performance is slightly negative.; Similar currency theme is already active in the book.; Metals require higher confirmation and reduced size.; Metals concentration gate: active metals count 1 at limit 1.,66.68084999999999,0.0,0.0,UNKNOWN,No_Risk_Brackets,,
2026-06-22 07:07:27,XAGUSD,Sell,43,Blocked_Admission,"Trade admission score 43/85 is too low.; Tick path is choppy, not a clean intraday push.; Recent XAGUSD paper performance is slightly negative.; Similar currency theme is already active in the book.; Metals require higher confirmation and reduced size.; Metals concentration gate: active metals count 1 at limit 1.",66.55799999999999,0.0,0.0,UNKNOWN,No_Risk_Brackets,,
2026-06-22 07:12:28,XAGUSD,Sell,73,Blocked_Admission,Trade admission score 73/85 is too low.; Recent XAGUSD paper performance is slightly negative.; Similar currency theme is already active in the book.; Metals require higher confirmation and reduced size.; Metals concentration gate: active metals count 1 at limit 1.,66.50450000000001,0.0,0.0,UNKNOWN,No_Risk_Brackets,,
2026-06-22 07:22:31,XAGUSD,Buy,63,Blocked_Admission,Trade admission score 63/85 is too low.; Recent XAGUSD paper performance is slightly negative.; Similar currency theme is already active in the book.; Metals require higher confirmation and reduced size.; Metals concentration gate: active metals count 1 at limit 1.,66.63145,0.0,0.0,UNKNOWN,No_Risk_Brackets,,
2026-06-22 07:32:34,GBPUSD,Sell,80,Blocked_Risk,Planned risk cap active: 250.04 exceeds 250.00.,1.31978,1.32638,0.0,UNKNOWN,No_Risk_Brackets,,
2026-06-22 07:37:36,GBPJPY,Sell,75.0,Admitted,,213.378,214.44489,211.24422,London,Executed_Real,,
2026-06-22 07:42:37,GBPUSD,Sell,90,Blocked_Risk,Planned risk cap active: 250.15 exceeds 250.00.,1.31922,1.32582,0.0,UNKNOWN,No_Risk_Brackets,,
2026-06-22 07:42:37,XAGUSD,Sell,73,Blocked_Admission,Trade admission score 73/85 is too low.; Recent XAGUSD paper performance is slightly negative.; Similar currency theme is already active in the book.; Metals require higher confirmation and reduced size.; Metals concentration gate: active metals count 1 at limit 1.,66.35315,0.0,0.0,UNKNOWN,No_Risk_Brackets,,
2026-06-22 07:47:38,XAGUSD,Sell,73,Blocked_Admission,Trade admission score 73/85 is too low.; Recent XAGUSD paper performance is slightly negative.; Similar currency theme is already active in the book.; Metals require higher confirmation and reduced size.; Metals concentration gate: active metals count 1 at limit 1.,66.34075,0.0,0.0,UNKNOWN,No_Risk_Brackets,,
2026-06-22 07:52:40,XAGUSD,Sell,73,Blocked_Admission,Trade admission score 73/85 is too low.; Recent XAGUSD paper performance is slightly negative.; Similar currency theme is already active in the book.; Metals require higher confirmation and reduced size.; Metals concentration gate: active metals count 1 at limit 1.,66.31745000000001,0.0,0.0,UNKNOWN,No_Risk_Brackets,,
2026-06-22 07:57:42,XAGUSD,Sell,73,Blocked_Admission,Trade admission score 73/85 is too low.; Recent XAGUSD paper performance is slightly negative.; Similar currency theme is already active in the book.; Metals require higher confirmation and reduced size.; Metals concentration gate: active metals count 1 at limit 1.,66.208,0.0,0.0,UNKNOWN,No_Risk_Brackets,,
2026-06-22 08:02:43,XAGUSD,Sell,73,Blocked_Admission,Trade admission score 73/85 is too low.; Recent XAGUSD paper performance is slightly negative.; Similar currency theme is already active in the book.; Metals require higher confirmation and reduced size.; Metals concentration gate: active metals count 1 at limit 1.,66.158,0.0,0.0,UNKNOWN,No_Risk_Brackets,,
2026-06-22 08:07:45,XAGUSD,Sell,73,Blocked_Admission,Trade admission score 73/85 is too low.; Recent XAGUSD paper performance is slightly negative.; Similar currency theme is already active in the book.; Metals require higher confirmation and reduced size.; Metals concentration gate: active metals count 1 at limit 1.,66.15865,0.0,0.0,UNKNOWN,No_Risk_Brackets,,
2026-06-22 08:12:46,XAGUSD,Sell,73,Blocked_Admission,Trade admission score 73/85 is too low.; Recent XAGUSD paper performance is slightly negative.; Similar currency theme is already active in the book.; Metals require higher confirmation and reduced size.; Metals concentration gate: active metals count 1 at limit 1.,66.0515,0.0,0.0,UNKNOWN,No_Risk_Brackets,,
2026-06-22 08:17:48,XAGUSD,Sell,73,Blocked_Admission,Trade admission score 73/85 is too low.; Recent XAGUSD paper performance is slightly negative.; Similar currency theme is already active in the book.; Metals require higher confirmation and reduced size.; Metals concentration gate: active metals count 1 at limit 1.,65.96125,0.0,0.0,UNKNOWN,No_Risk_Brackets,,
2026-06-22 08:22:49,GBPJPY,Buy,45,Blocked_Admission,"Trade admission score 45/70 is too low.; Momentum is only marginal versus AA's threshold.; Tick path is choppy, not a clean intraday push.; Recent GBPJPY paper performance is poor.",213.62,0.0,0.0,UNKNOWN,No_Risk_Brackets,,
2026-06-22 08:22:49,XAGUSD,Sell,73,Blocked_Admission,Trade admission score 73/85 is too low.; Recent XAGUSD paper performance is slightly negative.; Similar currency theme is already active in the book.; Metals require higher confirmation and reduced size.; Metals concentration gate: active metals count 1 at limit 1.,65.94239999999999,0.0,0.0,UNKNOWN,No_Risk_Brackets,,
2026-06-22 08:27:51,XAGUSD,Sell,73,Blocked_Admission,Trade admission score 73/85 is too low.; Recent XAGUSD paper performance is slightly negative.; Similar currency theme is already active in the book.; Metals require higher confirmation and reduced size.; Metals concentration gate: active metals count 1 at limit 1.,65.7805,0.0,0.0,UNKNOWN,No_Risk_Brackets,,
2026-06-22 08:32:53,USDCHF,Sell,72,Blocked_Risk,Planned risk cap active: 250.01 exceeds 250.00.,0.80798,0.81202,0.0,UNKNOWN,No_Risk_Brackets,,
2026-06-22 08:32:53,XAGUSD,Sell,73,Blocked_Admission,Trade admission score 73/85 is too low.; Recent XAGUSD paper performance is slightly negative.; Similar currency theme is already active in the book.; Metals require higher confirmation and reduced size.; Metals concentration gate: active metals count 1 at limit 1.,65.794,0.0,0.0,UNKNOWN,No_Risk_Brackets,,
2026-06-22 08:42:56,GBPUSD,Sell,80,Blocked_Risk,Planned risk cap active: 250.13 exceeds 250.00.,1.31929,1.32589,0.0,UNKNOWN,No_Risk_Brackets,,
2026-06-22 08:47:57,XAGUSD,Buy,73,Blocked_Admission,Trade admission score 73/85 is too low.; Recent XAGUSD paper performance is slightly negative.; Similar currency theme is already active in the book.; Metals require higher confirmation and reduced size.; Metals concentration gate: active metals count 1 at limit 1.,65.9935,0.0,0.0,UNKNOWN,No_Risk_Brackets,,
2026-06-22 08:52:59,XAGUSD,Buy,73,Blocked_Admission,Trade admission score 73/85 is too low.; Recent XAGUSD paper performance is slightly negative.; Similar currency theme is already active in the book.; Metals require higher confirmation and reduced size.; Metals concentration gate: active metals count 1 at limit 1.,66.068,0.0,0.0,UNKNOWN,No_Risk_Brackets,,
2026-06-22 08:58:00,XAGUSD,Buy,73,Blocked_Admission,Trade admission score 73/85 is too low.; Recent XAGUSD paper performance is slightly negative.; Similar currency theme is already active in the book.; Metals require higher confirmation and reduced size.; Metals concentration gate: active metals count 1 at limit 1.,66.11449999999999,0.0,0.0,UNKNOWN,No_Risk_Brackets,,
2026-06-22 09:03:02,GBPJPY,Buy,75.0,Admitted,,213.745,212.67628,215.88245,London,Executed_Real,,
2026-06-22 09:08:04,GBPJPY,Buy,75.0,Admitted,,213.876,212.80662,216.01476,London,Executed_Real,,
2026-06-22 09:13:05,GBPUSD,Buy,90.0,Admitted,,1.32235,1.31574,1.33557,London,Executed_Real,,
2026-06-22 09:18:07,XAUUSD,Buy,91.0,Admitted,,4206.6,4185.567,4248.666,London,Executed_Real,,
2026-06-22 09:18:07,NZDUSD,Buy,59,Blocked_Admission,Trade admission score 59/70 is too low.; Spread is acceptable but not strong enough for aggressive entry.; Recent NZDUSD paper performance is poor.,0.57296,0.0,0.0,UNKNOWN,No_Risk_Brackets,,
2026-06-22 09:18:07,USDCHF,Sell,72,Blocked_Risk,Planned risk cap active: 250.26 exceeds 250.00.,0.80717,0.81121,0.0,UNKNOWN,No_Risk_Brackets,,
2026-06-22 09:18:07,XAGUSD,Buy,83,Blocked_Admission,Trade admission score 83/85 is too low.; Recent XAGUSD paper performance is slightly negative.; Metals require higher confirmation and reduced size.,66.33,0.0,0.0,UNKNOWN,No_Risk_Brackets,,
2026-06-22 09:23:08,XAGUSD,Buy,43,Blocked_Admission,"Trade admission score 43/85 is too low.; Tick path is choppy, not a clean intraday push.; Recent XAGUSD paper performance is slightly negative.; Similar currency theme is already active in the book.; Metals require higher confirmation and reduced size.; Metals concentration gate: active metals count 1 at limit 1.",66.325,0.0,0.0,UNKNOWN,No_Risk_Brackets,,
2026-06-22 09:33:12,XAGUSD,Buy,73,Blocked_Admission,Trade admission score 73/85 is too low.; Recent XAGUSD paper performance is slightly negative.; Similar currency theme is already active in the book.; Metals require higher confirmation and reduced size.; Metals concentration gate: active metals count 1 at limit 1.,66.399,0.0,0.0,UNKNOWN,No_Risk_Brackets,,
2026-06-22 09:38:14,XAGUSD,Buy,73,Blocked_Admission,Trade admission score 73/85 is too low.; Recent XAGUSD paper performance is slightly negative.; Metals require higher confirmation and reduced size.,66.43875,0.0,0.0,UNKNOWN,No_Risk_Brackets,,
2026-06-22 09:43:15,XAGUSD,Buy,73,Blocked_Admission,Trade admission score 73/85 is too low.; Recent XAGUSD paper performance is slightly negative.; Metals require higher confirmation and reduced size.,66.436,0.0,0.0,UNKNOWN,No_Risk_Brackets,,
2026-06-22 09:48:17,XAGUSD,Buy,43,Blocked_Admission,"Trade admission score 43/85 is too low.; Momentum is only marginal versus AA's threshold.; Tick path is choppy, not a clean intraday push.; Recent XAGUSD paper performance is slightly negative.; Metals require higher confirmation and reduced size.",66.42665,0.0,0.0,UNKNOWN,No_Risk_Brackets,,
2026-06-22 10:08:23,XAGUSD,Buy,53,Blocked_Admission,"Trade admission score 53/85 is too low.; Tick path is choppy, not a clean intraday push.; Recent XAGUSD paper performance is slightly negative.; Metals require higher confirmation and reduced size.",66.539,0.0,0.0,UNKNOWN,No_Risk_Brackets,,
2026-06-22 10:13:24,XAGUSD,Buy,53,Blocked_Admission,"Trade admission score 53/85 is too low.; Tick path is choppy, not a clean intraday push.; Recent XAGUSD paper performance is slightly negative.; Metals require higher confirmation and reduced size.",66.5255,0.0,0.0,UNKNOWN,No_Risk_Brackets,,
2026-06-22 10:18:26,XAGUSD,Buy,53,Blocked_Admission,"Trade admission score 53/85 is too low.; Tick path is choppy, not a clean intraday push.; Recent XAGUSD paper performance is slightly negative.; Metals require higher confirmation and reduced size.",66.4865,0.0,0.0,UNKNOWN,No_Risk_Brackets,,
2026-06-22 10:23:27,GBPUSD,Buy,80.0,Admitted,,1.32472,1.3181,1.33797,London,Executed_Real,,
2026-06-22 10:33:30,XAGUSD,Sell,73,Blocked_Admission,Trade admission score 73/85 is too low.; Recent XAGUSD paper performance is slightly negative.; Metals require higher confirmation and reduced size.,66.4105,0.0,0.0,UNKNOWN,No_Risk_Brackets,,
2026-06-22 10:43:33,XAGUSD,Sell,53,Blocked_Admission,"Trade admission score 53/85 is too low.; Tick path is choppy, not a clean intraday push.; Recent XAGUSD paper performance is slightly negative.; Metals require higher confirmation and reduced size.",66.3811,0.0,0.0,UNKNOWN,No_Risk_Brackets,,
2026-06-22 10:48:35,XAGUSD,Sell,83,Blocked_Admission,Trade admission score 83/85 is too low.; Recent XAGUSD paper performance is slightly negative.; Metals require higher confirmation and reduced size.,66.356,0.0,0.0,UNKNOWN,No_Risk_Brackets,,
2026-06-22 10:48:35,XAUUSD,Sell,81,Blocked_Admission,Trade admission score 81/85 is too low.; Recent XAUUSD paper performance is slightly negative.; Metals require higher confirmation and reduced size.,4204.715,0.0,0.0,UNKNOWN,No_Risk_Brackets,,
2026-06-22 10:58:38,XAUUSD,Sell,81,Blocked_Admission,Trade admission score 81/85 is too low.; Recent XAUUSD paper performance is slightly negative.; Metals require higher confirmation and reduced size.,4204.695,0.0,0.0,UNKNOWN,No_Risk_Brackets,,
2026-06-22 11:08:42,XAGUSD,Buy,83,Blocked_Admission,Trade admission score 83/85 is too low.; Recent XAGUSD paper performance is slightly negative.; Metals require higher confirmation and reduced size.,66.632,0.0,0.0,UNKNOWN,No_Risk_Brackets,,
2026-06-22 11:08:42,XAUUSD,Buy,81,Blocked_Admission,Trade admission score 81/85 is too low.; Recent XAUUSD paper performance is slightly negative.; Metals require higher confirmation and reduced size.,4212.055,0.0,0.0,UNKNOWN,No_Risk_Brackets,,
2026-06-22 11:18:44,XAGUSD,Buy,53,Blocked_Admission,"Trade admission score 53/85 is too low.; Tick path is choppy, not a clean intraday push.; Recent XAGUSD paper performance is slightly negative.; Metals require higher confirmation and reduced size.",66.467,0.0,0.0,UNKNOWN,No_Risk_Brackets,,
2026-06-22 11:23:46,XAGUSD,Buy,43,Blocked_Admission,"Trade admission score 43/85 is too low.; Momentum is only marginal versus AA's threshold.; Tick path is choppy, not a clean intraday push.; Recent XAGUSD paper performance is slightly negative.; Metals require higher confirmation and reduced size.",66.459,0.0,0.0,UNKNOWN,No_Risk_Brackets,,
2026-06-22 11:28:48,XAGUSD,Sell,83,Blocked_Admission,Trade admission score 83/85 is too low.; Recent XAGUSD paper performance is slightly negative.; Metals require higher confirmation and reduced size.,66.431,0.0,0.0,UNKNOWN,No_Risk_Brackets,,
2026-06-22 11:28:48,XAUUSD,Sell,81,Blocked_Admission,Trade admission score 81/85 is too low.; Recent XAUUSD paper performance is slightly negative.; Metals require higher confirmation and reduced size.,4205.43,0.0,0.0,UNKNOWN,No_Risk_Brackets,,
2026-06-22 11:33:49,XAGUSD,Sell,73,Blocked_Admission,Trade admission score 73/85 is too low.; Recent XAGUSD paper performance is slightly negative.; Metals require higher confirmation and reduced size.,66.402,0.0,0.0,UNKNOWN,No_Risk_Brackets,,
2026-06-22 11:38:51,XAGUSD,Sell,83,Blocked_Admission,Trade admission score 83/85 is too low.; Recent XAGUSD paper performance is slightly negative.; Metals require higher confirmation and reduced size.,66.28649999999999,0.0,0.0,UNKNOWN,No_Risk_Brackets,,
2026-06-22 11:38:51,XAUUSD,Sell,81,Blocked_Admission,Trade admission score 81/85 is too low.; Recent XAUUSD paper performance is slightly negative.; Metals require higher confirmation and reduced size.,4203.129999999999,0.0,0.0,UNKNOWN,No_Risk_Brackets,,
2026-06-22 11:43:52,XAGUSD,Sell,83,Blocked_Admission,Trade admission score 83/85 is too low.; Recent XAGUSD paper performance is slightly negative.; Metals require higher confirmation and reduced size.,66.3185,0.0,0.0,UNKNOWN,No_Risk_Brackets,,
2026-06-22 11:48:54,XAGUSD,Sell,83,Blocked_Admission,Trade admission score 83/85 is too low.; Recent XAGUSD paper performance is slightly negative.; Metals require higher confirmation and reduced size.,66.2705,0.0,0.0,UNKNOWN,No_Risk_Brackets,,
2026-06-22 11:53:56,XAGUSD,Sell,83,Blocked_Admission,Trade admission score 83/85 is too low.; Recent XAGUSD paper performance is slightly negative.; Metals require higher confirmation and reduced size.,66.2295,0.0,0.0,UNKNOWN,No_Risk_Brackets,,
2026-06-22 11:58:57,XAGUSD,Buy,63,Blocked_Admission,"Trade admission score 63/85 is too low.; Tick path is choppy, not a clean intraday push.; Recent XAGUSD paper performance is slightly negative.; Metals require higher confirmation and reduced size.",66.4075,0.0,0.0,UNKNOWN,No_Risk_Brackets,,
2026-06-22 12:03:59,XAGUSD,Buy,63,Blocked_Admission,"Trade admission score 63/85 is too low.; Tick path is choppy, not a clean intraday push.; Recent XAGUSD paper performance is slightly negative.; Metals require higher confirmation and reduced size.",66.52600000000001,0.0,0.0,UNKNOWN,No_Risk_Brackets,,
2026-06-22 12:03:59,XAUUSD,Buy,51,Blocked_Admission,"Trade admission score 51/85 is too low.; Momentum is only marginal versus AA's threshold.; Tick path is choppy, not a clean intraday push.; Recent XAUUSD paper performance is slightly negative.; Metals require higher confirmation and reduced size.",4210.155000000001,0.0,0.0,UNKNOWN,No_Risk_Brackets,,
2026-06-22 12:09:00,XAGUSD,Buy,63,Blocked_Admission,"Trade admission score 63/85 is too low.; Tick path is choppy, not a clean intraday push.; Recent XAGUSD paper performance is slightly negative.; Metals require higher confirmation and reduced size.",66.42575,0.0,0.0,UNKNOWN,No_Risk_Brackets,,
2026-06-22 12:14:02,AUDUSD,Buy,63,Blocked_Admission,Trade admission score 63/70 is too low.; Momentum is only marginal versus AA's threshold.; Recent AUDUSD paper performance is slightly negative.,0.70092,0.0,0.0,UNKNOWN,No_Risk_Brackets,,
2026-06-22 12:14:02,GBPJPY,Buy,65,Blocked_Admission,Trade admission score 65/70 is too low.; Momentum is only marginal versus AA's threshold.; Recent GBPJPY paper performance is poor.,214.38,0.0,0.0,UNKNOWN,No_Risk_Brackets,,
2026-06-22 12:14:02,GBPUSD,Buy,80,Blocked_Risk,Planned risk cap active: 250.11 exceeds 250.00.,1.3254,1.31877,0.0,UNKNOWN,No_Risk_Brackets,,
2026-06-22 12:14:02,NZDUSD,Buy,29,Blocked_Admission,"Trade admission score 29/70 is too low.; Momentum is only marginal versus AA's threshold.; Tick path is choppy, not a clean intraday push.; Spread is acceptable but not strong enough for aggressive entry.; Recent NZDUSD paper performance is poor.",0.5730999999999999,0.0,0.0,UNKNOWN,No_Risk_Brackets,,
2026-06-22 12:14:02,USDCAD,Sell,80,Blocked_Risk,Planned risk cap active: 250.08 exceeds 250.00.,1.41557,1.42265,0.0,UNKNOWN,No_Risk_Brackets,,
2026-06-22 12:14:02,XAGUSD,Buy,53,Blocked_Admission,"Trade admission score 53/85 is too low.; Tick path is choppy, not a clean intraday push.; Recent XAGUSD paper performance is slightly negative.; Metals require higher confirmation and reduced size.",66.34375,0.0,0.0,UNKNOWN,No_Risk_Brackets,,
2026-06-22 12:14:02,XAUUSD,Buy,71,Blocked_Admission,Trade admission score 71/85 is too low.; Momentum is only marginal versus AA's threshold.; Recent XAUUSD paper performance is slightly negative.; Metals require higher confirmation and reduced size.,4207.85,0.0,0.0,UNKNOWN,No_Risk_Brackets,,
2026-06-22 12:19:03,AUDUSD,Buy,63,Blocked_Admission,Trade admission score 63/70 is too low.; Momentum is only marginal versus AA's threshold.; Recent AUDUSD paper performance is slightly negative.,0.70085,0.0,0.0,UNKNOWN,No_Risk_Brackets,,
2026-06-22 12:19:03,NZDUSD,Buy,29,Blocked_Admission,"Trade admission score 29/70 is too low.; Momentum is only marginal versus AA's threshold.; Tick path is choppy, not a clean intraday push.; Spread is acceptable but not strong enough for aggressive entry.; Recent NZDUSD paper performance is poor.",0.57309,0.0,0.0,UNKNOWN,No_Risk_Brackets,,
2026-06-22 12:19:03,USDCAD,Sell,80,Blocked_Risk,Planned risk cap active: 250.07 exceeds 250.00.,1.41561,1.42269,0.0,UNKNOWN,No_Risk_Brackets,,
2026-06-22 12:19:03,USDCHF,Sell,72,Blocked_Risk,Planned risk cap active: 250.09 exceeds 250.00.,0.80772,0.81176,0.0,UNKNOWN,No_Risk_Brackets,,
2026-06-22 12:19:03,XAGUSD,Sell,63,Blocked_Admission,Trade admission score 63/85 is too low.; Momentum is only marginal versus AA's threshold.; Recent XAGUSD paper performance is slightly negative.; Metals require higher confirmation and reduced size.,66.33075,0.0,0.0,UNKNOWN,No_Risk_Brackets,,
2026-06-22 12:24:05,GBPUSD,Buy,80.0,Admitted,,1.32603,1.3194,1.33929,London,Executed_Real,,
2026-06-22 12:39:09,GBPJPY,Buy,75.0,Admitted,,214.658,213.58471,216.80458,London,Executed_Real,,
2026-06-22 12:44:11,XAUUSD,Sell,91.0,Admitted,,4201.8,4222.809,4159.782,London,Executed_Real,,
2026-06-22 12:44:11,XAGUSD,Sell,83,Blocked_Admission,Trade admission score 83/85 is too low.; Recent XAGUSD paper performance is slightly negative.; Metals require higher confirmation and reduced size.,66.28200000000001,0.0,0.0,UNKNOWN,No_Risk_Brackets,,
2026-06-22 12:54:14,XAGUSD,Sell,43,Blocked_Admission,"Trade admission score 43/85 is too low.; Momentum is only marginal versus AA's threshold.; Tick path is choppy, not a clean intraday push.; Recent XAGUSD paper performance is slightly negative.; Metals require higher confirmation and reduced size.",66.2595,0.0,0.0,UNKNOWN,No_Risk_Brackets,,
2026-06-22 12:54:14,XAUUSD,Sell,75,Blocked_Admission,Trade admission score 75/85 is too low.; Recent XAUUSD paper performance is poor.; Metals require higher confirmation and reduced size.,4197.83,0.0,0.0,UNKNOWN,No_Risk_Brackets,,
2026-06-22 12:59:16,XAUUSD,Sell,85.0,Admitted,,4193.09,4214.05545,4151.1591,London,Executed_Real,,
2026-06-22 12:59:16,XAGUSD,Sell,83,Blocked_Admission,Trade admission score 83/85 is too low.; Recent XAGUSD paper performance is slightly negative.; Metals require higher confirmation and reduced size.,66.219,0.0,0.0,UNKNOWN,No_Risk_Brackets,,
2026-06-22 13:04:18,EURJPY,Sell,81.0,Admitted,,185.13,186.05565,183.2787,overlap,Executed_Real,,
2026-06-22 13:09:20,EURJPY,Sell,81.0,Admitted,,185.08,186.0054,183.2292,overlap,Executed_Real,,
2026-06-22 13:14:22,EURUSD,Sell,90.0,Admitted,,1.14422,1.14994,1.13278,overlap,Executed_Real,,
2026-06-22 13:19:23,USDCHF,Buy,72,Blocked_Risk,Planned risk cap active: 250.19 exceeds 250.00.,0.80938,0.80533,0.0,UNKNOWN,No_Risk_Brackets,,
2026-06-22 13:19:23,XAGUSD,Buy,83,Blocked_Admission,Trade admission score 83/85 is too low.; Recent XAGUSD paper performance is slightly negative.; Metals require higher confirmation and reduced size.,66.81,0.0,0.0,UNKNOWN,No_Risk_Brackets,,
2026-06-22 13:24:25,USDCAD,Buy,80,Blocked_Risk,Planned risk cap active: 250.16 exceeds 250.00.,1.41709,1.41,0.0,UNKNOWN,No_Risk_Brackets,,
2026-06-22 13:24:25,USDCHF,Buy,72,Blocked_Risk,Planned risk cap active: 250.20 exceeds 250.00.,0.80934,0.80529,0.0,UNKNOWN,No_Risk_Brackets,,
2026-06-22 13:24:25,XAGUSD,Buy,43,Blocked_Admission,"Trade admission score 43/85 is too low.; Momentum is only marginal versus AA's threshold.; Tick path is choppy, not a clean intraday push.; Recent XAGUSD paper performance is slightly negative.; Metals require higher confirmation and reduced size.",66.67349999999999,0.0,0.0,UNKNOWN,No_Risk_Brackets,,
2026-06-22 13:29:27,USDCAD,Buy,80,Blocked_Risk,Planned risk cap active: 250.05 exceeds 250.00.,1.41769,1.4106,0.0,UNKNOWN,No_Risk_Brackets,,
2026-06-22 13:29:27,XAUUSD,Sell,61,Blocked_Admission,"Trade admission score 61/85 is too low.; Tick path is choppy, not a clean intraday push.; Recent XAUUSD paper performance is slightly negative.; Metals require higher confirmation and reduced size.; Symbol activity cap active: 2 XAUUSD entries in 60 minutes.",4186.465,0.0,0.0,UNKNOWN,No_Risk_Brackets,,
2026-06-22 13:34:30,USDCAD,Buy,80,Blocked_Risk,Planned risk cap active: 250.06 exceeds 250.00.,1.41764,1.41055,0.0,UNKNOWN,No_Risk_Brackets,,
2026-06-22 13:34:30,XAGUSD,Sell,63,Blocked_Admission,"Trade admission score 63/85 is too low.; Tick path is choppy, not a clean intraday push.; Recent XAGUSD paper performance is slightly negative.; Metals require higher confirmation and reduced size.",66.4705,0.0,0.0,UNKNOWN,No_Risk_Brackets,,
2026-06-22 13:34:30,XAUUSD,Sell,61,Blocked_Admission,"Trade admission score 61/85 is too low.; Tick path is choppy, not a clean intraday push.; Recent XAUUSD paper performance is slightly negative.; Metals require higher confirmation and reduced size.; Symbol activity cap active: 2 XAUUSD entries in 60 minutes.",4186.860000000001,0.0,0.0,UNKNOWN,No_Risk_Brackets,,
2026-06-22 13:39:31,XAGUSD,Sell,63,Blocked_Admission,"Trade admission score 63/85 is too low.; Tick path is choppy, not a clean intraday push.; Recent XAGUSD paper performance is slightly negative.; Metals require higher confirmation and reduced size.",66.5915,0.0,0.0,UNKNOWN,No_Risk_Brackets,,
2026-06-22 13:39:31,XAUUSD,Sell,61,Blocked_Admission,"Trade admission score 61/85 is too low.; Tick path is choppy, not a clean intraday push.; Recent XAUUSD paper performance is slightly negative.; Metals require higher confirmation and reduced size.; Symbol activity cap active: 2 XAUUSD entries in 60 minutes.",4190.355,0.0,0.0,UNKNOWN,No_Risk_Brackets,,
2026-06-22 13:44:33,GBPUSD,Sell,70.0,Admitted,,1.3242,1.33082,1.31096,overlap,Executed_Real,,
2026-06-22 13:49:35,XAUUSD,Buy,91.0,Admitted,,4201.35,4180.34325,4243.3635,overlap,Executed_Real,,
2026-06-22 13:49:35,XAGUSD,Buy,83,Blocked_Admission,Trade admission score 83/85 is too low.; Recent XAGUSD paper performance is slightly negative.; Metals require higher confirmation and reduced size.,66.661,0.0,0.0,UNKNOWN,No_Risk_Brackets,,
2026-06-22 13:54:37,XAGUSD,Buy,53,Blocked_Admission,"Trade admission score 53/85 is too low.; Tick path is choppy, not a clean intraday push.; Recent XAGUSD paper performance is slightly negative.; Metals require higher confirmation and reduced size.",66.56995,0.0,0.0,UNKNOWN,No_Risk_Brackets,,
2026-06-22 13:54:37,XAUUSD,Buy,91,Blocked_Admission,Symbol activity cap active: 2 XAUUSD entries in 60 minutes.,4201.985000000001,0.0,0.0,UNKNOWN,No_Risk_Brackets,,
2026-06-22 13:59:39,XAUUSD,Buy,91.0,Admitted,,4200.07,4179.06965,4242.0707,overlap,Executed_Real,,
2026-06-22 13:59:39,GBPUSD,Sell,80,Blocked_Risk,Planned risk cap active: 250.03 exceeds 250.00.,1.32382,1.33044,0.0,UNKNOWN,No_Risk_Brackets,,
2026-06-22 13:59:39,XAGUSD,Sell,73,Blocked_Admission,Trade admission score 73/85 is too low.; Recent XAGUSD paper performance is slightly negative.; Metals require higher confirmation and reduced size.,66.51050000000001,0.0,0.0,UNKNOWN,No_Risk_Brackets,,
2026-06-22 14:04:40,XAGUSD,Sell,73,Blocked_Admission,Trade admission score 73/85 is too low.; Recent XAGUSD paper performance is slightly negative.; Similar currency theme is already active in the book.; Metals require higher confirmation and reduced size.; Metals concentration gate: active metals count 1 at limit 1.,66.3506,0.0,0.0,UNKNOWN,No_Risk_Brackets,,
2026-06-22 14:09:42,EURJPY,Sell,91.0,Admitted,,184.759,185.68279,182.91141,overlap,Executed_Real,,
2026-06-22 14:14:44,GBPUSD,Buy,80,Blocked_Risk,Planned risk cap active: 250.04 exceeds 250.00.,1.3258,1.31917,0.0,UNKNOWN,No_Risk_Brackets,,
2026-06-22 14:14:44,USDJPY,Sell,61,Blocked_Admission,"Trade admission score 61/70 is too low.; Tick path is choppy, not a clean intraday push.; Recent USDJPY paper performance is slightly negative.",161.68200000000002,0.0,0.0,UNKNOWN,No_Risk_Brackets,,
2026-06-22 14:14:44,XAGUSD,Sell,83,Blocked_Admission,Trade admission score 83/85 is too low.; Recent XAGUSD paper performance is slightly negative.; Metals require higher confirmation and reduced size.,66.428,0.0,0.0,UNKNOWN,No_Risk_Brackets,,
2026-06-22 14:19:45,XAGUSD,Sell,83,Blocked_Admission,Trade admission score 83/85 is too low.; Recent XAGUSD paper performance is slightly negative.; Metals require higher confirmation and reduced size.,66.083,0.0,0.0,UNKNOWN,No_Risk_Brackets,,
2026-06-22 14:24:47,USDJPY,Sell,51,Blocked_Admission,"Trade admission score 51/70 is too low.; Momentum is only marginal versus AA's threshold.; Tick path is choppy, not a clean intraday push.; Recent USDJPY paper performance is slightly negative.",161.73000000000002,0.0,0.0,UNKNOWN,No_Risk_Brackets,,
2026-06-22 14:24:47,XAGUSD,Sell,83,Blocked_Admission,Trade admission score 83/85 is too low.; Recent XAGUSD paper performance is slightly negative.; Metals require higher confirmation and reduced size.,66.02600000000001,0.0,0.0,UNKNOWN,No_Risk_Brackets,,
2026-06-22 14:24:47,XAUUSD,Sell,81,Blocked_Admission,Trade admission score 81/85 is too low.; Recent XAUUSD paper performance is slightly negative.; Metals require higher confirmation and reduced size.; Symbol activity cap active: 2 XAUUSD entries in 60 minutes.,4192.385,0.0,0.0,UNKNOWN,No_Risk_Brackets,,
2026-06-22 14:29:48,XAGUSD,Sell,83,Blocked_Admission,Trade admission score 83/85 is too low.; Recent XAGUSD paper performance is slightly negative.; Metals require higher confirmation and reduced size.,65.988,0.0,0.0,UNKNOWN,No_Risk_Brackets,,
2026-06-22 14:29:48,XAUUSD,Sell,91,Blocked_Admission,Symbol activity cap active: 2 XAUUSD entries in 60 minutes.,4192.585,0.0,0.0,UNKNOWN,No_Risk_Brackets,,
2026-06-22 14:34:51,XAGUSD,Sell,83,Blocked_Admission,Trade admission score 83/85 is too low.; Recent XAGUSD paper performance is slightly negative.; Metals require higher confirmation and reduced size.,65.944,0.0,0.0,UNKNOWN,No_Risk_Brackets,,
2026-06-22 14:34:51,XAUUSD,Sell,91,Blocked_Admission,Symbol activity cap active: 2 XAUUSD entries in 60 minutes.,4189.120000000001,0.0,0.0,UNKNOWN,No_Risk_Brackets,,
2026-06-22 14:39:52,XAGUSD,Sell,83,Blocked_Admission,Trade admission score 83/85 is too low.; Recent XAGUSD paper performance is slightly negative.; Metals require higher confirmation and reduced size.,65.947,0.0,0.0,UNKNOWN,No_Risk_Brackets,,
2026-06-22 14:39:52,XAUUSD,Sell,61,Blocked_Admission,"Trade admission score 61/85 is too low.; Tick path is choppy, not a clean intraday push.; Recent XAUUSD paper performance is slightly negative.; Metals require higher confirmation and reduced size.; Symbol activity cap active: 2 XAUUSD entries in 60 minutes.",4192.014999999999,0.0,0.0,UNKNOWN,No_Risk_Brackets,,
2026-06-22 14:44:54,EURJPY,Sell,80.0,Admitted,,184.692,185.61546,182.84508,overlap,Executed_Real,,
2026-06-22 14:49:55,USDJPY,Sell,91.0,Admitted,,161.256,162.06228,159.64344,overlap,Executed_Real,,
2026-06-22 14:49:55,EURJPY,Sell,100,Blocked_Admission,Symbol activity cap active: 2 EURJPY entries in 60 minutes.,184.5435,0.0,0.0,UNKNOWN,No_Risk_Brackets,,
2026-06-22 14:54:57,EURUSD,Buy,90.0,Admitted,,1.14482,1.1391,1.15627,overlap,Executed_Real,,
2026-06-22 14:54:57,EURJPY,Sell,90,Blocked_Admission,Symbol activity cap active: 2 EURJPY entries in 60 minutes.,184.5965,0.0,0.0,UNKNOWN,No_Risk_Brackets,,
2026-06-22 14:59:58,GBPUSD,Buy,90.0,Admitted,,1.32639,1.31976,1.33965,overlap,Executed_Real,,
2026-06-22 14:59:58,AUDUSD,Buy,63,Blocked_Admission,Trade admission score 63/70 is too low.; Momentum is only marginal versus AA's threshold.; Recent AUDUSD paper performance is slightly negative.,0.70095,0.0,0.0,UNKNOWN,No_Risk_Brackets,,
2026-06-22 14:59:58,EURJPY,Sell,70,Blocked_Admission,Symbol activity cap active: 2 EURJPY entries in 60 minutes.,184.6375,0.0,0.0,UNKNOWN,No_Risk_Brackets,,
2026-06-22 15:05:00,USDJPY,Sell,81.0,Admitted,,161.212,162.01806,159.59988,overlap,Executed_Real,,
2026-06-22 15:05:00,AUDUSD,Buy,73,Blocked_Risk,Planned risk cap active: 250.19 exceeds 250.00.,0.70147,0.69796,0.0,UNKNOWN,No_Risk_Brackets,,
2026-06-22 15:05:00,NZDUSD,Buy,59,Blocked_Admission,Trade admission score 59/70 is too low.; Spread is acceptable but not strong enough for aggressive entry.; Recent NZDUSD paper performance is poor.,0.57351,0.0,0.0,UNKNOWN,No_Risk_Brackets,,
2026-06-22 15:05:00,USDCHF,Sell,82,Blocked_Risk,Planned risk cap active: 250.21 exceeds 250.00.,0.80731,0.81135,0.0,UNKNOWN,No_Risk_Brackets,,
2026-06-22 15:20:05,XAGUSD,Sell,63,Blocked_Admission,"Trade admission score 63/85 is too low.; Tick path is choppy, not a clean intraday push.; Recent XAGUSD paper performance is slightly negative.; Metals require higher confirmation and reduced size.",65.874,0.0,0.0,UNKNOWN,No_Risk_Brackets,,
2026-06-22 15:20:05,XAUUSD,Sell,61,Blocked_Admission,"Trade admission score 61/85 is too low.; Tick path is choppy, not a clean intraday push.; Recent XAUUSD paper performance is slightly negative.; Metals require higher confirmation and reduced size.",4192.32,0.0,0.0,UNKNOWN,No_Risk_Brackets,,
2026-06-22 15:25:07,XAUUSD,Sell,91.0,Admitted,,4190.89,4211.84445,4148.9811,overlap,Executed_Real,,
2026-06-22 15:25:07,XAGUSD,Sell,83,Blocked_Admission,Trade admission score 83/85 is too low.; Recent XAGUSD paper performance is slightly negative.; Metals require higher confirmation and reduced size.,65.85135,0.0,0.0,UNKNOWN,No_Risk_Brackets,,
2026-06-22 15:30:08,USDJPY,Buy,51,Blocked_Admission,"Trade admission score 51/70 is too low.; Momentum is only marginal versus AA's threshold.; Tick path is choppy, not a clean intraday push.; Recent USDJPY paper performance is slightly negative.; Symbol activity cap active: 2 USDJPY entries in 60 minutes.",161.418,0.0,0.0,UNKNOWN,No_Risk_Brackets,,
2026-06-22 15:30:08,XAGUSD,Sell,83,Blocked_Admission,Trade admission score 83/85 is too low.; Recent XAGUSD paper performance is slightly negative.; Metals require higher confirmation and reduced size.,65.7735,0.0,0.0,UNKNOWN,No_Risk_Brackets,,
2026-06-22 15:30:08,XAUUSD,Sell,81,Blocked_Admission,Trade admission score 81/85 is too low.; Recent XAUUSD paper performance is slightly negative.; Metals require higher confirmation and reduced size.,4189.445,0.0,0.0,UNKNOWN,No_Risk_Brackets,,
2026-06-22 15:35:10,XAUUSD,Sell,91.0,Admitted,,4188.84,4209.7842,4146.9516,overlap,Executed_Real,,
2026-06-22 15:35:10,NZDUSD,Sell,49,Blocked_Admission,Trade admission score 49/70 is too low.; Momentum is only marginal versus AA's threshold.; Spread is acceptable but not strong enough for aggressive entry.; Recent NZDUSD paper performance is poor.,0.57272,0.0,0.0,UNKNOWN,No_Risk_Brackets,,
2026-06-22 15:35:10,USDJPY,Buy,51,Blocked_Admission,"Trade admission score 51/70 is too low.; Momentum is only marginal versus AA's threshold.; Tick path is choppy, not a clean intraday push.; Recent USDJPY paper performance is slightly negative.; Symbol activity cap active: 2 USDJPY entries in 60 minutes.",161.405,0.0,0.0,UNKNOWN,No_Risk_Brackets,,
2026-06-22 15:35:10,XAGUSD,Sell,83,Blocked_Admission,Trade admission score 83/85 is too low.; Recent XAGUSD paper performance is slightly negative.; Metals require higher confirmation and reduced size.,65.80449999999999,0.0,0.0,UNKNOWN,No_Risk_Brackets,,
2026-06-22 15:40:13,NZDUSD,Sell,49,Blocked_Admission,Trade admission score 49/70 is too low.; Momentum is only marginal versus AA's threshold.; Spread is acceptable but not strong enough for aggressive entry.; Recent NZDUSD paper performance is poor.,0.57262,0.0,0.0,UNKNOWN,No_Risk_Brackets,,
2026-06-22 15:40:13,USDJPY,Buy,51,Blocked_Admission,"Trade admission score 51/70 is too low.; Momentum is only marginal versus AA's threshold.; Tick path is choppy, not a clean intraday push.; Recent USDJPY paper performance is slightly negative.; Symbol activity cap active: 2 USDJPY entries in 60 minutes.",161.365,0.0,0.0,UNKNOWN,No_Risk_Brackets,,
2026-06-22 15:40:13,XAGUSD,Sell,83,Blocked_Admission,Trade admission score 83/85 is too low.; Recent XAGUSD paper performance is slightly negative.; Metals require higher confirmation and reduced size.,65.625,0.0,0.0,UNKNOWN,No_Risk_Brackets,,
2026-06-22 15:40:13,XAUUSD,Sell,100,Blocked_Admission,Symbol activity cap active: 2 XAUUSD entries in 60 minutes.,4183.955,0.0,0.0,UNKNOWN,No_Risk_Brackets,,
2026-06-22 15:45:14,NZDUSD,Sell,59,Blocked_Admission,Trade admission score 59/70 is too low.; Spread is acceptable but not strong enough for aggressive entry.; Recent NZDUSD paper performance is poor.,0.57245,0.0,0.0,UNKNOWN,No_Risk_Brackets,,
2026-06-22 15:45:14,XAGUSD,Sell,83,Blocked_Admission,Trade admission score 83/85 is too low.; Recent XAGUSD paper performance is slightly negative.; Metals require higher confirmation and reduced size.,65.576,0.0,0.0,UNKNOWN,No_Risk_Brackets,,
2026-06-22 15:45:14,XAUUSD,Sell,100,Blocked_Admission,Symbol activity cap active: 2 XAUUSD entries in 60 minutes.,4180.915,0.0,0.0,UNKNOWN,No_Risk_Brackets,,
2026-06-22 15:50:16,AUDUSD,Sell,73,Blocked_Risk,Planned risk cap active: 250.08 exceeds 250.00.,0.69977,0.70327,0.0,UNKNOWN,No_Risk_Brackets,,
2026-06-22 15:50:16,NZDUSD,Sell,59,Blocked_Admission,Trade admission score 59/70 is too low.; Spread is acceptable but not strong enough for aggressive entry.; Recent NZDUSD paper performance is poor.,0.57197,0.0,0.0,UNKNOWN,No_Risk_Brackets,,
2026-06-22 15:50:16,XAGUSD,Sell,83,Blocked_Admission,Trade admission score 83/85 is too low.; Recent XAGUSD paper performance is slightly negative.; Metals require higher confirmation and reduced size.,65.17699999999999,0.0,0.0,UNKNOWN,No_Risk_Brackets,,
2026-06-22 15:50:16,XAUUSD,Sell,100,Blocked_Admission,Symbol activity cap active: 2 XAUUSD entries in 60 minutes.,4171.549999999999,0.0,0.0,UNKNOWN,No_Risk_Brackets,,
2026-06-22 15:55:17,AUDUSD,Sell,63,Blocked_Admission,Trade admission score 63/70 is too low.; Momentum is only marginal versus AA's threshold.; Recent AUDUSD paper performance is slightly negative.,0.69987,0.0,0.0,UNKNOWN,No_Risk_Brackets,,
2026-06-22 15:55:17,NZDUSD,Sell,59,Blocked_Admission,Trade admission score 59/70 is too low.; Spread is acceptable but not strong enough for aggressive entry.; Recent NZDUSD paper performance is poor.,0.57199,0.0,0.0,UNKNOWN,No_Risk_Brackets,,
2026-06-22 15:55:17,XAGUSD,Sell,83,Blocked_Admission,Trade admission score 83/85 is too low.; Recent XAGUSD paper performance is slightly negative.; Metals require higher confirmation and reduced size.,65.356,0.0,0.0,UNKNOWN,No_Risk_Brackets,,
2026-06-22 15:55:17,XAUUSD,Sell,100,Blocked_Admission,Symbol activity cap active: 2 XAUUSD entries in 60 minutes.,4179.344999999999,0.0,0.0,UNKNOWN,No_Risk_Brackets,,
2026-06-22 16:00:19,NZDUSD,Sell,49,Blocked_Admission,Trade admission score 49/70 is too low.; Momentum is only marginal versus AA's threshold.; Spread is acceptable but not strong enough for aggressive entry.; Recent NZDUSD paper performance is poor.,0.57196,0.0,0.0,UNKNOWN,No_Risk_Brackets,,
2026-06-22 16:00:19,XAGUSD,Sell,63,Blocked_Admission,"Trade admission score 63/85 is too low.; Tick path is choppy, not a clean intraday push.; Recent XAGUSD paper performance is slightly negative.; Metals require higher confirmation and reduced size.",65.47,0.0,0.0,UNKNOWN,No_Risk_Brackets,,
2026-06-22 16:05:22,AUDUSD,Sell,63,Blocked_Admission,Trade admission score 63/70 is too low.; Momentum is only marginal versus AA's threshold.; Recent AUDUSD paper performance is slightly negative.,0.69972,0.0,0.0,UNKNOWN,No_Risk_Brackets,,
2026-06-22 16:05:22,NZDUSD,Sell,59,Blocked_Admission,Trade admission score 59/70 is too low.; Spread is acceptable but not strong enough for aggressive entry.; Recent NZDUSD paper performance is poor.,0.57165,0.0,0.0,UNKNOWN,No_Risk_Brackets,,
2026-06-22 16:05:22,XAGUSD,Sell,63,Blocked_Admission,"Trade admission score 63/85 is too low.; Tick path is choppy, not a clean intraday push.; Recent XAGUSD paper performance is slightly negative.; Metals require higher confirmation and reduced size.",65.3365,0.0,0.0,UNKNOWN,No_Risk_Brackets,,
2026-06-22 16:10:23,XAGUSD,Buy,63,Blocked_Admission,"Trade admission score 63/85 is too low.; Tick path is choppy, not a clean intraday push.; Recent XAGUSD paper performance is slightly negative.; Metals require higher confirmation and reduced size.",65.321,0.0,0.0,UNKNOWN,No_Risk_Brackets,,
2026-06-22 16:10:23,XAUUSD,Buy,70,Blocked_Admission,"Trade admission score 70/85 is too low.; Tick path is choppy, not a clean intraday push.; Metals require higher confirmation and reduced size.; Symbol activity cap active: 2 XAUUSD entries in 60 minutes.",4176.995000000001,0.0,0.0,UNKNOWN,No_Risk_Brackets,,
2026-06-22 16:25:28,XAGUSD,Buy,63,Blocked_Admission,"Trade admission score 63/85 is too low.; Tick path is choppy, not a clean intraday push.; Recent XAGUSD paper performance is slightly negative.; Metals require higher confirmation and reduced size.",65.45750000000001,0.0,0.0,UNKNOWN,No_Risk_Brackets,,
2026-06-22 16:30:29,XAUUSD,Buy,60,Blocked_Admission,"Trade admission score 60/85 is too low.; Momentum is only marginal versus AA's threshold.; Tick path is choppy, not a clean intraday push.; Metals require higher confirmation and reduced size.",4181.505,0.0,0.0,UNKNOWN,No_Risk_Brackets,,
2026-06-22 16:35:30,XAUUSD,Buy,100.0,Admitted,,4185.69,4164.76155,4227.5469,NY,Executed_Real,,
2026-06-22 16:35:30,XAGUSD,Buy,63,Blocked_Admission,"Trade admission score 63/85 is too low.; Tick path is choppy, not a clean intraday push.; Recent XAGUSD paper performance is slightly negative.; Metals require higher confirmation and reduced size.",65.51635,0.0,0.0,UNKNOWN,No_Risk_Brackets,,
2026-06-22 16:55:36,XAGUSD,Buy,53,Blocked_Admission,"Trade admission score 53/85 is too low.; Tick path is choppy, not a clean intraday push.; Recent XAGUSD paper performance is slightly negative.; Metals require higher confirmation and reduced size.",65.60050000000001,0.0,0.0,UNKNOWN,No_Risk_Brackets,,
2026-06-22 17:00:37,XAUUSD,Buy,90.0,Admitted,,4189.5,4168.5525,4231.395,NY,Executed_Real,,
2026-06-22 17:00:37,XAGUSD,Buy,63,Blocked_Admission,"Trade admission score 63/85 is too low.; Tick path is choppy, not a clean intraday push.; Recent XAGUSD paper performance is slightly negative.; Metals require higher confirmation and reduced size.",65.5595,0.0,0.0,UNKNOWN,No_Risk_Brackets,,
2026-06-22 17:25:44,XAGUSD,Sell,63,Blocked_Admission,"Trade admission score 63/85 is too low.; Tick path is choppy, not a clean intraday push.; Recent XAGUSD paper performance is slightly negative.; Metals require higher confirmation and reduced size.",65.405,0.0,0.0,UNKNOWN,No_Risk_Brackets,,
2026-06-22 17:30:46,XAGUSD,Sell,63,Blocked_Admission,"Trade admission score 63/85 is too low.; Tick path is choppy, not a clean intraday push.; Recent XAGUSD paper performance is slightly negative.; Metals require higher confirmation and reduced size.",65.378,0.0,0.0,UNKNOWN,No_Risk_Brackets,,
2026-06-22 17:35:48,XAUUSD,Sell,100.0,Admitted,,4178.31,4199.20155,4136.5269,NY,Executed_Real,,
2026-06-22 17:35:48,XAGUSD,Sell,83,Blocked_Admission,Trade admission score 83/85 is too low.; Recent XAGUSD paper performance is slightly negative.; Metals require higher confirmation and reduced size.,65.0085,0.0,0.0,UNKNOWN,No_Risk_Brackets,,
2026-06-22 17:40:49,XAGUSD,Sell,73,Blocked_Admission,Trade admission score 73/85 is too low.; Recent XAGUSD paper performance is slightly negative.; Similar currency theme is already active in the book.; Metals require higher confirmation and reduced size.; Metals concentration gate: active metals count 1 at limit 1.,65.161,0.0,0.0,UNKNOWN,No_Risk_Brackets,,
2026-06-22 17:45:51,XAGUSD,Sell,73,Blocked_Admission,Trade admission score 73/85 is too low.; Recent XAGUSD paper performance is slightly negative.; Similar currency theme is already active in the book.; Metals require higher confirmation and reduced size.; Metals concentration gate: active metals count 1 at limit 1.,65.10900000000001,0.0,0.0,UNKNOWN,No_Risk_Brackets,,
2026-06-22 17:50:52,XAGUSD,Sell,53,Blocked_Admission,"Trade admission score 53/85 is too low.; Tick path is choppy, not a clean intraday push.; Recent XAGUSD paper performance is slightly negative.; Similar currency theme is already active in the book.; Metals require higher confirmation and reduced size.; Metals concentration gate: active metals count 1 at limit 1.",65.2415,0.0,0.0,UNKNOWN,No_Risk_Brackets,,
2026-06-22 17:55:53,XAGUSD,Buy,73,Blocked_Admission,Trade admission score 73/85 is too low.; Recent XAGUSD paper performance is slightly negative.; Similar currency theme is already active in the book.; Metals require higher confirmation and reduced size.; Metals concentration gate: active metals count 1 at limit 1.,65.2835,0.0,0.0,UNKNOWN,No_Risk_Brackets,,
2026-06-22 18:00:55,XAGUSD,Buy,73,Blocked_Admission,Trade admission score 73/85 is too low.; Recent XAGUSD paper performance is slightly negative.; Similar currency theme is already active in the book.; Metals require higher confirmation and reduced size.; Metals concentration gate: active metals count 1 at limit 1.,65.285,0.0,0.0,UNKNOWN,No_Risk_Brackets,,
2026-06-22 18:05:56,XAGUSD,Buy,73,Blocked_Admission,Trade admission score 73/85 is too low.; Recent XAGUSD paper performance is slightly negative.; Similar currency theme is already active in the book.; Metals require higher confirmation and reduced size.; Metals concentration gate: active metals count 1 at limit 1.,65.342,0.0,0.0,UNKNOWN,No_Risk_Brackets,,
2026-06-22 18:10:58,XAGUSD,Buy,73,Blocked_Admission,Trade admission score 73/85 is too low.; Recent XAGUSD paper performance is slightly negative.; Similar currency theme is already active in the book.; Metals require higher confirmation and reduced size.; Metals concentration gate: active metals count 1 at limit 1.,65.434,0.0,0.0,UNKNOWN,No_Risk_Brackets,,
2026-06-22 18:15:59,XAGUSD,Buy,63,Blocked_Admission,Trade admission score 63/85 is too low.; Recent XAGUSD paper performance is slightly negative.; Similar currency theme is already active in the book.; Metals require higher confirmation and reduced size.; Metals concentration gate: active metals count 1 at limit 1.,65.3875,0.0,0.0,UNKNOWN,No_Risk_Brackets,,
2026-06-22 18:21:01,XAGUSD,Buy,73,Blocked_Admission,Trade admission score 73/85 is too low.; Recent XAGUSD paper performance is slightly negative.; Similar currency theme is already active in the book.; Metals require higher confirmation and reduced size.; Metals concentration gate: active metals count 1 at limit 1.,65.40950000000001,0.0,0.0,UNKNOWN,No_Risk_Brackets,,
2026-06-22 18:26:03,XAGUSD,Buy,63,Blocked_Admission,Trade admission score 63/85 is too low.; Recent XAGUSD paper performance is slightly negative.; Similar currency theme is already active in the book.; Metals require higher confirmation and reduced size.; Metals concentration gate: active metals count 1 at limit 1.,65.435,0.0,0.0,UNKNOWN,No_Risk_Brackets,,
2026-06-22 18:51:11,XAGUSD,Buy,33,Blocked_Admission,"Trade admission score 33/85 is too low.; Momentum is only marginal versus AA's threshold.; Tick path is choppy, not a clean intraday push.; Recent XAGUSD paper performance is slightly negative.; Similar currency theme is already active in the book.; Metals require higher confirmation and reduced size.; Metals concentration gate: active metals count 1 at limit 1.",65.4585,0.0,0.0,UNKNOWN,No_Risk_Brackets,,
2026-06-22 19:01:14,XAGUSD,Buy,43,Blocked_Admission,"Trade admission score 43/85 is too low.; Tick path is choppy, not a clean intraday push.; Recent XAGUSD paper performance is slightly negative.; Similar currency theme is already active in the book.; Metals require higher confirmation and reduced size.; Metals concentration gate: active metals count 1 at limit 1.",65.4555,0.0,0.0,UNKNOWN,No_Risk_Brackets,,
2026-06-22 19:21:20,XAGUSD,Sell,73,Blocked_Admission,Trade admission score 73/85 is too low.; Recent XAGUSD paper performance is slightly negative.; Similar currency theme is already active in the book.; Metals require higher confirmation and reduced size.; Metals concentration gate: active metals count 1 at limit 1.,65.3295,0.0,0.0,UNKNOWN,No_Risk_Brackets,,
2026-06-22 19:26:21,XAGUSD,Sell,63,Blocked_Admission,Trade admission score 63/85 is too low.; Recent XAGUSD paper performance is slightly negative.; Similar currency theme is already active in the book.; Metals require higher confirmation and reduced size.; Metals concentration gate: active metals count 1 at limit 1.,65.3195,0.0,0.0,UNKNOWN,No_Risk_Brackets,,
2026-06-22 19:31:23,XAGUSD,Sell,73,Blocked_Admission,Trade admission score 73/85 is too low.; Recent XAGUSD paper performance is slightly negative.; Similar currency theme is already active in the book.; Metals require higher confirmation and reduced size.; Metals concentration gate: active metals count 1 at limit 1.,65.173,0.0,0.0,UNKNOWN,No_Risk_Brackets,,
2026-06-22 19:36:24,XAGUSD,Sell,73,Blocked_Admission,Trade admission score 73/85 is too low.; Recent XAGUSD paper performance is slightly negative.; Similar currency theme is already active in the book.; Metals require higher confirmation and reduced size.; Metals concentration gate: active metals count 1 at limit 1.,65.0915,0.0,0.0,UNKNOWN,No_Risk_Brackets,,
2026-06-22 19:41:26,XAGUSD,Sell,73,Blocked_Admission,Trade admission score 73/85 is too low.; Recent XAGUSD paper performance is slightly negative.; Similar currency theme is already active in the book.; Metals require higher confirmation and reduced size.; Metals concentration gate: active metals count 1 at limit 1.,65.0925,0.0,0.0,UNKNOWN,No_Risk_Brackets,,
2026-06-22 19:46:27,XAGUSD,Sell,73,Blocked_Admission,Trade admission score 73/85 is too low.; Recent XAGUSD paper performance is slightly negative.; Similar currency theme is already active in the book.; Metals require higher confirmation and reduced size.; Metals concentration gate: active metals count 1 at limit 1.,65.01565,0.0,0.0,UNKNOWN,No_Risk_Brackets,,
2026-06-22 19:51:29,XAGUSD,Sell,43,Blocked_Admission,"Trade admission score 43/85 is too low.; Tick path is choppy, not a clean intraday push.; Recent XAGUSD paper performance is slightly negative.; Similar currency theme is already active in the book.; Metals require higher confirmation and reduced size.; Metals concentration gate: active metals count 1 at limit 1.",65.07249999999999,0.0,0.0,UNKNOWN,No_Risk_Brackets,,
2026-06-22 20:06:33,USDCHF,Sell,72.0,Admitted,,0.80832,0.81236,0.80024,NY,Executed_Real,,
2026-06-23 11:56:05,XAGUSD,Sell,83,Blocked_Admission,Trade admission score 83/85 is too low.; Recent XAGUSD paper performance is slightly negative.; Metals require higher confirmation and reduced size.,61.9465,0.0,0.0,UNKNOWN,No_Risk_Brackets,,
2026-06-23 12:01:07,AUDUSD,Sell,73,Blocked_Risk,Planned risk cap active: 250.29 exceeds 250.00.,0.6932,0.69667,0.0,UNKNOWN,No_Risk_Brackets,,
2026-06-23 12:01:07,NZDUSD,Sell,59,Blocked_Admission,Trade admission score 59/70 is too low.; Spread is acceptable but not strong enough for aggressive entry.; Recent NZDUSD paper performance is poor.,0.5675,0.0,0.0,UNKNOWN,No_Risk_Brackets,,
2026-06-23 12:11:10,XAGUSD,Sell,73,Blocked_Admission,Trade admission score 73/85 is too low.; Recent XAGUSD paper performance is slightly negative.; Metals require higher confirmation and reduced size.,61.973,0.0,0.0,UNKNOWN,No_Risk_Brackets,,
2026-06-23 12:16:11,XAUUSD,Sell,90.0,Admitted,,4114.54,4135.1127,4073.3946,London,Executed_Real,,
2026-06-23 12:16:11,XAGUSD,Sell,83,Blocked_Admission,Trade admission score 83/85 is too low.; Recent XAGUSD paper performance is slightly negative.; Metals require higher confirmation and reduced size.,61.831999999999994,0.0,0.0,UNKNOWN,No_Risk_Brackets,,
2026-06-23 12:21:13,XAUUSD,Sell,100.0,Admitted,,4114.04,4134.6102,4072.8996,London,Executed_Real,,
2026-06-23 12:21:13,XAGUSD,Sell,83,Blocked_Admission,Trade admission score 83/85 is too low.; Recent XAGUSD paper performance is slightly negative.; Metals require higher confirmation and reduced size.,61.766000000000005,0.0,0.0,UNKNOWN,No_Risk_Brackets,,
2026-06-23 12:26:15,XAGUSD,Sell,73,Blocked_Admission,Trade admission score 73/85 is too low.; Recent XAGUSD paper performance is slightly negative.; Similar currency theme is already active in the book.; Metals require higher confirmation and reduced size.; Metals concentration gate: active metals count 1 at limit 1.,61.7718,0.0,0.0,UNKNOWN,No_Risk_Brackets,,
2026-06-23 12:41:20,XAGUSD,Buy,73,Blocked_Admission,Trade admission score 73/85 is too low.; Recent XAGUSD paper performance is slightly negative.; Similar currency theme is already active in the book.; Metals require higher confirmation and reduced size.; Metals concentration gate: active metals count 1 at limit 1.,61.988200000000006,0.0,0.0,UNKNOWN,No_Risk_Brackets,,
2026-06-23 12:46:21,XAGUSD,Buy,53,Blocked_Admission,"Trade admission score 53/85 is too low.; Tick path is choppy, not a clean intraday push.; Recent XAGUSD paper performance is slightly negative.; Similar currency theme is already active in the book.; Metals require higher confirmation and reduced size.; Metals concentration gate: active metals count 1 at limit 1.",61.908249999999995,0.0,0.0,UNKNOWN,No_Risk_Brackets,,
2026-06-23 12:56:25,XAGUSD,Buy,73,Blocked_Admission,Trade admission score 73/85 is too low.; Recent XAGUSD paper performance is slightly negative.; Similar currency theme is already active in the book.; Metals require higher confirmation and reduced size.; Metals concentration gate: active metals count 1 at limit 1.,62.05159999999999,0.0,0.0,UNKNOWN,No_Risk_Brackets,,
2026-06-23 13:01:27,XAGUSD,Sell,63,Blocked_Admission,"Trade admission score 63/85 is too low.; Tick path is choppy, not a clean intraday push.; Recent XAGUSD paper performance is slightly negative.; Metals require higher confirmation and reduced size.",61.718599999999995,0.0,0.0,UNKNOWN,No_Risk_Brackets,,
2026-06-23 13:01:27,XAUUSD,Sell,80,Blocked_Admission,"Trade admission score 80/85 is too low.; Tick path is choppy, not a clean intraday push.; Metals require higher confirmation and reduced size.; Symbol activity cap active: 2 XAUUSD entries in 60 minutes.",4109.34,0.0,0.0,UNKNOWN,No_Risk_Brackets,,
2026-06-23 13:06:28,AUDUSD,Buy,73.0,Admitted,,0.69431,0.69084,0.70125,overlap,Executed_Real,,
2026-06-23 13:41:39,XAUUSD,Buy,100.0,Admitted,,4125.24,4104.6138,4166.4924,overlap,Executed_Real,,
2026-06-23 13:41:39,NZDUSD,Buy,49,Blocked_Admission,Trade admission score 49/70 is too low.; Momentum is only marginal versus AA's threshold.; Spread is acceptable but not strong enough for aggressive entry.; Recent NZDUSD paper performance is poor.,0.56784,0.0,0.0,UNKNOWN,No_Risk_Brackets,,
2026-06-23 13:41:39,USDCHF,Sell,92,Blocked_Risk,Planned risk cap active: 250.19 exceeds 250.00.,0.80739,0.81143,0.0,UNKNOWN,No_Risk_Brackets,,
2026-06-23 13:41:39,XAGUSD,Buy,83,Blocked_Admission,Trade admission score 83/85 is too low.; Recent XAGUSD paper performance is slightly negative.; Metals require higher confirmation and reduced size.,62.4055,0.0,0.0,UNKNOWN,No_Risk_Brackets,,
2026-06-23 13:46:41,XAUUSD,Buy,100.0,Admitted,,4127.3,4106.6635,4168.573,overlap,Executed_Real,,
2026-06-23 13:46:41,USDCHF,Sell,82,Blocked_Risk,Planned risk cap active: 250.11 exceeds 250.00.,0.80763,0.81167,0.0,UNKNOWN,No_Risk_Brackets,,
2026-06-23 13:46:41,XAGUSD,Buy,63,Blocked_Admission,"Trade admission score 63/85 is too low.; Tick path is choppy, not a clean intraday push.; Recent XAGUSD paper performance is slightly negative.; Metals require higher confirmation and reduced size.",62.2495,0.0,0.0,UNKNOWN,No_Risk_Brackets,,
2026-06-23 15:39:21,GBPJPY,Sell,65,Blocked_Admission,Trade admission score 65/70 is too low.; Momentum is only marginal versus AA's threshold.; Recent GBPJPY paper performance is poor.,213.088,0.0,0.0,UNKNOWN,No_Risk_Brackets,,
2026-06-23 15:39:21,GBPUSD,Sell,65,Blocked_Admission,Trade admission score 65/70 is too low.; Momentum is only marginal versus AA's threshold.; Recent GBPUSD paper performance is poor.; Post-stop quarantine active.,1.3192,0.0,0.0,UNKNOWN,No_Risk_Brackets,,
2026-06-23 15:39:21,XAGUSD,Sell,53,Blocked_Admission,"Trade admission score 53/85 is too low.; Tick path is choppy, not a clean intraday push.; Recent XAGUSD paper performance is slightly negative.; Similar currency theme is already active in the book.; Metals require higher confirmation and reduced size.; Metals concentration gate: active metals count 1 at limit 1.",62.1858,0.0,0.0,UNKNOWN,No_Risk_Brackets,,
2026-06-23 17:18:06,GBPJPY,Sell,75.0,Admitted,,213.087,214.15243,210.95613,NY,Executed_Real,,
2026-06-24 01:40:23,NZDUSD,Sell,69,Blocked_Admission,Trade admission score 69/70 is too low.; Spread is acceptable but not strong enough for aggressive entry.; Recent NZDUSD paper performance is poor.,0.5664199999999999,0.0,0.0,UNKNOWN,No_Risk_Brackets,,
2026-06-24 01:40:23,XAGUSD,Sell,63,Blocked_Admission,"Trade admission score 63/85 is too low.; Tick path is choppy, not a clean intraday push.; Recent XAGUSD paper performance is slightly negative.; Metals require higher confirmation and reduced size.",61.825599999999994,0.0,0.0,UNKNOWN,No_Risk_Brackets,,
2026-06-24 01:40:23,XAUUSD,Sell,80,Blocked_Admission,"Trade admission score 80/85 is too low.; Tick path is choppy, not a clean intraday push.; Metals require higher confirmation and reduced size.",4094.72,0.0,0.0,UNKNOWN,No_Risk_Brackets,,
2026-06-24 01:45:24,XAUUSD,Sell,100.0,Admitted,,4091.2,4111.656,4050.288,Asia,Executed_Real,,
2026-06-24 01:45:24,NZDUSD,Sell,59,Blocked_Admission,Trade admission score 59/70 is too low.; Spread is acceptable but not strong enough for aggressive entry.; Recent NZDUSD paper performance is poor.,0.56616,0.0,0.0,UNKNOWN,No_Risk_Brackets,,
2026-06-24 01:45:24,XAGUSD,Sell,83,Blocked_Admission,Trade admission score 83/85 is too low.; Recent XAGUSD paper performance is slightly negative.; Metals require higher confirmation and reduced size.,61.70795,0.0,0.0,UNKNOWN,No_Risk_Brackets,,
2026-06-24 01:50:26,NZDUSD,Sell,59,Blocked_Admission,Trade admission score 59/70 is too low.; Spread is acceptable but not strong enough for aggressive entry.; Recent NZDUSD paper performance is poor.,0.5661499999999999,0.0,0.0,UNKNOWN,No_Risk_Brackets,,
2026-06-24 01:50:26,XAGUSD,Sell,65,Blocked_Admission,Trade admission score 65/85 is too low.; Spread is acceptable but not strong enough for aggressive entry.; Recent XAGUSD paper performance is slightly negative.; Similar currency theme is already active in the book.; Metals require higher confirmation and reduced size.; Metals concentration gate: active metals count 1 at limit 1.,61.54965,0.0,0.0,UNKNOWN,No_Risk_Brackets,,
2026-06-24 01:55:27,XAUUSD,Sell,100.0,Admitted,,4084.93,4105.35465,4044.0807,Asia,Executed_Real,,
2026-06-24 02:00:29,XAGUSD,Sell,43,Blocked_Admission,"Trade admission score 43/85 is too low.; Tick path is choppy, not a clean intraday push.; Recent XAGUSD paper performance is slightly negative.; Similar currency theme is already active in the book.; Metals require higher confirmation and reduced size.; Metals concentration gate: active metals count 1 at limit 1.",61.7204,0.0,0.0,UNKNOWN,No_Risk_Brackets,,
2026-06-24 02:05:31,XAGUSD,Sell,25,Blocked_Admission,"Trade admission score 25/85 is too low.; Momentum is only marginal versus AA's threshold.; Tick path is choppy, not a clean intraday push.; Spread is acceptable but not strong enough for aggressive entry.; Recent XAGUSD paper performance is slightly negative.; Similar currency theme is already active in the book.; Metals require higher confirmation and reduced size.; Metals concentration gate: active metals count 1 at limit 1.",61.643249999999995,0.0,0.0,UNKNOWN,No_Risk_Brackets,,
2026-06-24 02:15:34,XAUUSD,Sell,90,Blocked_Admission,Symbol activity cap active: 2 XAUUSD entries in 60 minutes.,4080.245,0.0,0.0,UNKNOWN,No_Risk_Brackets,,
2026-06-24 02:20:36,XAGUSD,Sell,75,Blocked_Admission,Trade admission score 75/85 is too low.; Spread is acceptable but not strong enough for aggressive entry.; Recent XAGUSD paper performance is slightly negative.; Metals require higher confirmation and reduced size.,61.456,0.0,0.0,UNKNOWN,No_Risk_Brackets,,
2026-06-24 02:20:36,XAUUSD,Sell,100,Blocked_Admission,Symbol activity cap active: 2 XAUUSD entries in 60 minutes.,4075.325,0.0,0.0,UNKNOWN,No_Risk_Brackets,,
2026-06-24 02:25:37,XAGUSD,Sell,75,Blocked_Admission,Trade admission score 75/85 is too low.; Spread is acceptable but not strong enough for aggressive entry.; Recent XAGUSD paper performance is slightly negative.; Metals require higher confirmation and reduced size.,61.456500000000005,0.0,0.0,UNKNOWN,No_Risk_Brackets,,
2026-06-24 02:25:37,XAUUSD,Sell,100,Blocked_Admission,Symbol activity cap active: 2 XAUUSD entries in 60 minutes.,4075.075,0.0,0.0,UNKNOWN,No_Risk_Brackets,,
2026-06-24 02:30:39,XAGUSD,Sell,75,Blocked_Admission,Trade admission score 75/85 is too low.; Spread is acceptable but not strong enough for aggressive entry.; Recent XAGUSD paper performance is slightly negative.; Metals require higher confirmation and reduced size.,61.3973,0.0,0.0,UNKNOWN,No_Risk_Brackets,,
2026-06-24 02:30:39,XAUUSD,Sell,100,Blocked_Admission,Symbol activity cap active: 2 XAUUSD entries in 60 minutes.,4070.76,0.0,0.0,UNKNOWN,No_Risk_Brackets,,
2026-06-24 02:35:41,XAGUSD,Sell,45,Blocked_Admission,"Trade admission score 45/85 is too low.; Tick path is choppy, not a clean intraday push.; Spread is acceptable but not strong enough for aggressive entry.; Recent XAGUSD paper performance is slightly negative.; Metals require higher confirmation and reduced size.",61.454499999999996,0.0,0.0,UNKNOWN,No_Risk_Brackets,,
2026-06-24 02:35:41,XAUUSD,Sell,100,Blocked_Admission,Symbol activity cap active: 2 XAUUSD entries in 60 minutes.,4067.875,0.0,0.0,UNKNOWN,No_Risk_Brackets,,
2026-06-24 02:40:42,XAGUSD,Sell,55,Blocked_Admission,"Trade admission score 55/85 is too low.; Tick path is choppy, not a clean intraday push.; Spread is acceptable but not strong enough for aggressive entry.; Recent XAGUSD paper performance is slightly negative.; Metals require higher confirmation and reduced size.",61.287499999999994,0.0,0.0,UNKNOWN,No_Risk_Brackets,,
2026-06-24 02:40:42,XAUUSD,Sell,100,Blocked_Admission,Symbol activity cap active: 2 XAUUSD entries in 60 minutes.,4061.82,0.0,0.0,UNKNOWN,No_Risk_Brackets,,
2026-06-24 02:45:44,XAUUSD,Sell,100.0,Admitted,,4056.81,4077.09405,4016.2419,Asia,Executed_Real,,
2026-06-24 02:45:44,XAGUSD,Sell,75,Blocked_Admission,Trade admission score 75/85 is too low.; Spread is acceptable but not strong enough for aggressive entry.; Recent XAGUSD paper performance is slightly negative.; Metals require higher confirmation and reduced size.,61.179500000000004,0.0,0.0,UNKNOWN,No_Risk_Brackets,,
2026-06-24 02:50:46,AUDUSD,Sell,57,Blocked_Admission,Trade admission score 57/70 is too low.; Momentum is only marginal versus AA's threshold.; Recent AUDUSD paper performance is poor.; Post-stop quarantine active.,0.6908,0.0,0.0,UNKNOWN,No_Risk_Brackets,,
2026-06-24 02:50:46,NZDUSD,Sell,59,Blocked_Admission,Trade admission score 59/70 is too low.; Spread is acceptable but not strong enough for aggressive entry.; Recent NZDUSD paper performance is poor.,0.56555,0.0,0.0,UNKNOWN,No_Risk_Brackets,,
2026-06-24 02:50:46,XAGUSD,Sell,65,Blocked_Admission,Trade admission score 65/85 is too low.; Spread is acceptable but not strong enough for aggressive entry.; Recent XAGUSD paper performance is slightly negative.; Similar currency theme is already active in the book.; Metals require higher confirmation and reduced size.; Metals concentration gate: active metals count 1 at limit 1.,61.15645,0.0,0.0,UNKNOWN,No_Risk_Brackets,,
2026-06-24 02:55:48,AUDUSD,Sell,67,Blocked_Admission,Trade admission score 67/70 is too low.; Recent AUDUSD paper performance is poor.; Post-stop quarantine active.,0.69058,0.0,0.0,UNKNOWN,No_Risk_Brackets,,
2026-06-24 02:55:48,NZDUSD,Sell,59,Blocked_Admission,Trade admission score 59/70 is too low.; Spread is acceptable but not strong enough for aggressive entry.; Recent NZDUSD paper performance is poor.,0.56536,0.0,0.0,UNKNOWN,No_Risk_Brackets,,
2026-06-24 02:55:48,XAGUSD,Sell,65,Blocked_Admission,Trade admission score 65/85 is too low.; Spread is acceptable but not strong enough for aggressive entry.; Recent XAGUSD paper performance is slightly negative.; Similar currency theme is already active in the book.; Metals require higher confirmation and reduced size.; Metals concentration gate: active metals count 1 at limit 1.,61.3035,0.0,0.0,UNKNOWN,No_Risk_Brackets,,
2026-06-24 03:00:49,AUDUSD,Sell,67,Blocked_Admission,Trade admission score 67/70 is too low.; Recent AUDUSD paper performance is poor.; Post-stop quarantine active.,0.6904,0.0,0.0,UNKNOWN,No_Risk_Brackets,,
2026-06-24 03:00:49,NZDUSD,Sell,59,Blocked_Admission,Trade admission score 59/70 is too low.; Spread is acceptable but not strong enough for aggressive entry.; Recent NZDUSD paper performance is poor.,0.56531,0.0,0.0,UNKNOWN,No_Risk_Brackets,,
2026-06-24 03:05:51,AUDUSD,Sell,67,Blocked_Admission,Trade admission score 67/70 is too low.; Recent AUDUSD paper performance is poor.,0.69025,0.0,0.0,UNKNOWN,No_Risk_Brackets,,
2026-06-24 03:05:51,NZDUSD,Sell,49,Blocked_Admission,Trade admission score 49/70 is too low.; Momentum is only marginal versus AA's threshold.; Spread is acceptable but not strong enough for aggressive entry.; Recent NZDUSD paper performance is poor.,0.56514,0.0,0.0,UNKNOWN,No_Risk_Brackets,,
2026-06-24 03:10:52,XAGUSD,Buy,35,Blocked_Admission,"Trade admission score 35/85 is too low.; Tick path is choppy, not a clean intraday push.; Spread is acceptable but not strong enough for aggressive entry.; Recent XAGUSD paper performance is slightly negative.; Similar currency theme is already active in the book.; Metals require higher confirmation and reduced size.; Metals concentration gate: active metals count 1 at limit 1.",61.253,0.0,0.0,UNKNOWN,No_Risk_Brackets,,
2026-06-24 03:15:54,XAGUSD,Sell,65,Blocked_Admission,Trade admission score 65/85 is too low.; Spread is acceptable but not strong enough for aggressive entry.; Recent XAGUSD paper performance is slightly negative.; Similar currency theme is already active in the book.; Metals require higher confirmation and reduced size.; Metals concentration gate: active metals count 1 at limit 1.,61.1643,0.0,0.0,UNKNOWN,No_Risk_Brackets,,
2026-06-24 03:20:56,XAUUSD,Sell,100.0,Admitted,,4054.23,4074.50115,4013.6877,Asia,Executed_Real,,
2026-06-24 03:20:56,XAGUSD,Sell,75,Blocked_Admission,Trade admission score 75/85 is too low.; Spread is acceptable but not strong enough for aggressive entry.; Recent XAGUSD paper performance is slightly negative.; Metals require higher confirmation and reduced size.,61.126999999999995,0.0,0.0,UNKNOWN,No_Risk_Brackets,,
2026-06-24 03:30:59,XAGUSD,Buy,25,Blocked_Admission,"Trade admission score 25/85 is too low.; Momentum is only marginal versus AA's threshold.; Tick path is choppy, not a clean intraday push.; Spread is acceptable but not strong enough for aggressive entry.; Recent XAGUSD paper performance is slightly negative.; Similar currency theme is already active in the book.; Metals require higher confirmation and reduced size.; Metals concentration gate: active metals count 1 at limit 1.",61.3185,0.0,0.0,UNKNOWN,No_Risk_Brackets,,
2026-06-24 03:36:01,XAGUSD,Buy,65,Blocked_Admission,Trade admission score 65/85 is too low.; Spread is acceptable but not strong enough for aggressive entry.; Recent XAGUSD paper performance is slightly negative.; Similar currency theme is already active in the book.; Metals require higher confirmation and reduced size.; Metals concentration gate: active metals count 1 at limit 1.,61.416,0.0,0.0,UNKNOWN,No_Risk_Brackets,,
2026-06-24 03:41:02,XAGUSD,Buy,65,Blocked_Admission,Trade admission score 65/85 is too low.; Spread is acceptable but not strong enough for aggressive entry.; Recent XAGUSD paper performance is slightly negative.; Similar currency theme is already active in the book.; Metals require higher confirmation and reduced size.; Metals concentration gate: active metals count 1 at limit 1.,61.5035,0.0,0.0,UNKNOWN,No_Risk_Brackets,,
2026-06-24 03:46:04,XAGUSD,Buy,65,Blocked_Admission,Trade admission score 65/85 is too low.; Spread is acceptable but not strong enough for aggressive entry.; Recent XAGUSD paper performance is slightly negative.; Similar currency theme is already active in the book.; Metals require higher confirmation and reduced size.; Metals concentration gate: active metals count 1 at limit 1.,61.503,0.0,0.0,UNKNOWN,No_Risk_Brackets,,
2026-06-24 03:51:05,XAGUSD,Buy,45,Blocked_Admission,"Trade admission score 45/85 is too low.; Tick path is choppy, not a clean intraday push.; Spread is acceptable but not strong enough for aggressive entry.; Recent XAGUSD paper performance is slightly negative.; Similar currency theme is already active in the book.; Metals require higher confirmation and reduced size.; Metals concentration gate: active metals count 1 at limit 1.",61.429,0.0,0.0,UNKNOWN,No_Risk_Brackets,,
2026-06-24 04:01:09,XAGUSD,Sell,65,Blocked_Admission,Trade admission score 65/85 is too low.; Spread is acceptable but not strong enough for aggressive entry.; Recent XAGUSD paper performance is slightly negative.; Similar currency theme is already active in the book.; Metals require higher confirmation and reduced size.; Metals concentration gate: active metals count 1 at limit 1.,61.35850000000001,0.0,0.0,UNKNOWN,No_Risk_Brackets,,
2026-06-24 04:06:10,XAGUSD,Sell,65,Blocked_Admission,Trade admission score 65/85 is too low.; Spread is acceptable but not strong enough for aggressive entry.; Recent XAGUSD paper performance is slightly negative.; Similar currency theme is already active in the book.; Metals require higher confirmation and reduced size.; Metals concentration gate: active metals count 1 at limit 1.,61.0865,0.0,0.0,UNKNOWN,No_Risk_Brackets,,
2026-06-24 04:11:12,XAGUSD,Sell,65,Blocked_Admission,Trade admission score 65/85 is too low.; Spread is acceptable but not strong enough for aggressive entry.; Recent XAGUSD paper performance is slightly negative.; Similar currency theme is already active in the book.; Metals require higher confirmation and reduced size.; Metals concentration gate: active metals count 1 at limit 1.,60.929500000000004,0.0,0.0,UNKNOWN,No_Risk_Brackets,,
2026-06-24 04:16:13,XAGUSD,Sell,65,Blocked_Admission,Trade admission score 65/85 is too low.; Spread is acceptable but not strong enough for aggressive entry.; Recent XAGUSD paper performance is slightly negative.; Similar currency theme is already active in the book.; Metals require higher confirmation and reduced size.; Metals concentration gate: active metals count 1 at limit 1.,61.056799999999996,0.0,0.0,UNKNOWN,No_Risk_Brackets,,
2026-06-24 04:21:15,XAGUSD,Sell,65,Blocked_Admission,Trade admission score 65/85 is too low.; Spread is acceptable but not strong enough for aggressive entry.; Recent XAGUSD paper performance is slightly negative.; Similar currency theme is already active in the book.; Metals require higher confirmation and reduced size.; Metals concentration gate: active metals count 1 at limit 1.,60.921949999999995,0.0,0.0,UNKNOWN,No_Risk_Brackets,,
2026-06-24 04:26:16,XAGUSD,Sell,25,Blocked_Admission,"Trade admission score 25/85 is too low.; Momentum is only marginal versus AA's threshold.; Tick path is choppy, not a clean intraday push.; Spread is acceptable but not strong enough for aggressive entry.; Recent XAGUSD paper performance is slightly negative.; Similar currency theme is already active in the book.; Metals require higher confirmation and reduced size.; Metals concentration gate: active metals count 1 at limit 1.",61.0185,0.0,0.0,UNKNOWN,No_Risk_Brackets,,
2026-06-24 04:31:18,XAGUSD,Buy,35,Blocked_Admission,"Trade admission score 35/85 is too low.; Tick path is choppy, not a clean intraday push.; Spread is acceptable but not strong enough for aggressive entry.; Recent XAGUSD paper performance is slightly negative.; Similar currency theme is already active in the book.; Metals require higher confirmation and reduced size.; Metals concentration gate: active metals count 1 at limit 1.",61.0115,0.0,0.0,UNKNOWN,No_Risk_Brackets,,
2026-06-24 04:41:21,XAGUSD,Buy,65,Blocked_Admission,Trade admission score 65/85 is too low.; Spread is acceptable but not strong enough for aggressive entry.; Recent XAGUSD paper performance is slightly negative.; Similar currency theme is already active in the book.; Metals require higher confirmation and reduced size.; Metals concentration gate: active metals count 1 at limit 1.,61.1095,0.0,0.0,UNKNOWN,No_Risk_Brackets,,
2026-06-24 04:46:23,XAGUSD,Buy,25,Blocked_Admission,"Trade admission score 25/85 is too low.; Momentum is only marginal versus AA's threshold.; Tick path is choppy, not a clean intraday push.; Spread is acceptable but not strong enough for aggressive entry.; Recent XAGUSD paper performance is slightly negative.; Similar currency theme is already active in the book.; Metals require higher confirmation and reduced size.; Metals concentration gate: active metals count 1 at limit 1.",61.0865,0.0,0.0,UNKNOWN,No_Risk_Brackets,,
2026-06-24 05:06:30,XAGUSD,Sell,25,Blocked_Admission,"Trade admission score 25/85 is too low.; Momentum is only marginal versus AA's threshold.; Tick path is choppy, not a clean intraday push.; Spread is acceptable but not strong enough for aggressive entry.; Recent XAGUSD paper performance is slightly negative.; Similar currency theme is already active in the book.; Metals require higher confirmation and reduced size.; Metals concentration gate: active metals count 1 at limit 1.",61.024,0.0,0.0,UNKNOWN,No_Risk_Brackets,,
2026-06-24 05:11:31,XAGUSD,Buy,55,Blocked_Admission,Trade admission score 55/85 is too low.; Spread is acceptable but not strong enough for aggressive entry.; Recent XAGUSD paper performance is slightly negative.; Similar currency theme is already active in the book.; Metals require higher confirmation and reduced size.; Metals concentration gate: active metals count 1 at limit 1.,61.15605,0.0,0.0,UNKNOWN,No_Risk_Brackets,,
2026-06-24 05:16:33,XAGUSD,Buy,55,Blocked_Admission,Trade admission score 55/85 is too low.; Spread is acceptable but not strong enough for aggressive entry.; Recent XAGUSD paper performance is slightly negative.; Similar currency theme is already active in the book.; Metals require higher confirmation and reduced size.; Metals concentration gate: active metals count 1 at limit 1.,61.194,0.0,0.0,UNKNOWN,No_Risk_Brackets,,
2026-06-24 05:21:34,XAGUSD,Buy,65,Blocked_Admission,Trade admission score 65/85 is too low.; Spread is acceptable but not strong enough for aggressive entry.; Recent XAGUSD paper performance is slightly negative.; Similar currency theme is already active in the book.; Metals require higher confirmation and reduced size.; Metals concentration gate: active metals count 1 at limit 1.,61.2765,0.0,0.0,UNKNOWN,No_Risk_Brackets,,
2026-06-24 05:26:36,XAGUSD,Buy,65,Blocked_Admission,Trade admission score 65/85 is too low.; Spread is acceptable but not strong enough for aggressive entry.; Recent XAGUSD paper performance is slightly negative.; Similar currency theme is already active in the book.; Metals require higher confirmation and reduced size.; Metals concentration gate: active metals count 1 at limit 1.,61.4105,0.0,0.0,UNKNOWN,No_Risk_Brackets,,
2026-06-24 05:31:38,XAGUSD,Buy,83,Blocked_Admission,Trade admission score 83/85 is too low.; Recent XAGUSD paper performance is slightly negative.; Metals require higher confirmation and reduced size.,61.564499999999995,0.0,0.0,UNKNOWN,No_Risk_Brackets,,
2026-06-24 05:31:38,XAUUSD,Buy,100,Blocked_Admission,Post-stop quarantine active.,4076.7650000000003,0.0,0.0,UNKNOWN,No_Risk_Brackets,,
2026-06-24 05:36:40,XAGUSD,Buy,83,Blocked_Admission,Trade admission score 83/85 is too low.; Recent XAGUSD paper performance is slightly negative.; Metals require higher confirmation and reduced size.,61.6295,0.0,0.0,UNKNOWN,No_Risk_Brackets,,
2026-06-24 05:36:40,XAUUSD,Buy,100,Blocked_Admission,Post-stop quarantine active.,4080.575,0.0,0.0,UNKNOWN,No_Risk_Brackets,,
2026-06-24 05:41:41,XAGUSD,Buy,75,Blocked_Admission,Trade admission score 75/85 is too low.; Spread is acceptable but not strong enough for aggressive entry.; Recent XAGUSD paper performance is slightly negative.; Metals require higher confirmation and reduced size.,61.534499999999994,0.0,0.0,UNKNOWN,No_Risk_Brackets,,
2026-06-24 05:41:41,XAUUSD,Buy,90,Blocked_Admission,Post-stop quarantine active.,4074.38,0.0,0.0,UNKNOWN,No_Risk_Brackets,,
2026-06-24 05:46:43,XAUUSD,Buy,100.0,Admitted,,4079.45,4059.05275,4120.2445,Asia,Executed_Real,,
2026-06-24 05:46:43,XAGUSD,Buy,83,Blocked_Admission,Trade admission score 83/85 is too low.; Recent XAGUSD paper performance is slightly negative.; Metals require higher confirmation and reduced size.,61.5865,0.0,0.0,UNKNOWN,No_Risk_Brackets,,
2026-06-24 05:56:46,XAGUSD,Sell,33,Blocked_Admission,"Trade admission score 33/85 is too low.; Momentum is only marginal versus AA's threshold.; Tick path is choppy, not a clean intraday push.; Recent XAGUSD paper performance is slightly negative.; Similar currency theme is already active in the book.; Metals require higher confirmation and reduced size.; Metals concentration gate: active metals count 1 at limit 1.",61.560500000000005,0.0,0.0,UNKNOWN,No_Risk_Brackets,,
2026-06-24 06:01:48,XAUUSD,Buy,90.0,Admitted,,4080.58,4060.1771,4121.3858,Asia,Executed_Real,,
2026-06-24 06:01:48,XAGUSD,Buy,83,Blocked_Admission,Trade admission score 83/85 is too low.; Recent XAGUSD paper performance is slightly negative.; Metals require higher confirmation and reduced size.,61.80145,0.0,0.0,UNKNOWN,No_Risk_Brackets,,
2026-06-24 06:06:50,XAGUSD,Buy,83,Blocked_Admission,Trade admission score 83/85 is too low.; Recent XAGUSD paper performance is slightly negative.; Metals require higher confirmation and reduced size.,61.902950000000004,0.0,0.0,UNKNOWN,No_Risk_Brackets,,
2026-06-24 06:06:50,XAUUSD,Buy,81,Blocked_Admission,Trade admission score 81/85 is too low.; Recent XAUUSD paper performance is slightly negative.; Metals require higher confirmation and reduced size.; Symbol activity cap active: 2 XAUUSD entries in 60 minutes.,4084.0,0.0,0.0,UNKNOWN,No_Risk_Brackets,,
2026-06-24 06:11:52,XAGUSD,Buy,83,Blocked_Admission,Trade admission score 83/85 is too low.; Recent XAGUSD paper performance is slightly negative.; Metals require higher confirmation and reduced size.,62.2852,0.0,0.0,UNKNOWN,No_Risk_Brackets,,
2026-06-24 06:11:52,XAUUSD,Buy,91,Blocked_Admission,Symbol activity cap active: 2 XAUUSD entries in 60 minutes.,4094.14,0.0,0.0,UNKNOWN,No_Risk_Brackets,,
2026-06-24 06:16:53,XAGUSD,Buy,83,Blocked_Admission,Trade admission score 83/85 is too low.; Recent XAGUSD paper performance is slightly negative.; Metals require higher confirmation and reduced size.,62.07899999999999,0.0,0.0,UNKNOWN,No_Risk_Brackets,,
2026-06-24 06:16:53,XAUUSD,Buy,91,Blocked_Admission,Symbol activity cap active: 2 XAUUSD entries in 60 minutes.,4090.41,0.0,0.0,UNKNOWN,No_Risk_Brackets,,
2026-06-24 06:21:55,XAGUSD,Buy,63,Blocked_Admission,"Trade admission score 63/85 is too low.; Tick path is choppy, not a clean intraday push.; Recent XAGUSD paper performance is slightly negative.; Metals require higher confirmation and reduced size.",61.9915,0.0,0.0,UNKNOWN,No_Risk_Brackets,,
2026-06-24 06:21:55,XAUUSD,Buy,61,Blocked_Admission,"Trade admission score 61/85 is too low.; Tick path is choppy, not a clean intraday push.; Recent XAUUSD paper performance is slightly negative.; Metals require higher confirmation and reduced size.; Symbol activity cap active: 2 XAUUSD entries in 60 minutes.",4086.875,0.0,0.0,UNKNOWN,No_Risk_Brackets,,
2026-06-24 06:26:57,XAGUSD,Buy,53,Blocked_Admission,"Trade admission score 53/85 is too low.; Tick path is choppy, not a clean intraday push.; Recent XAGUSD paper performance is slightly negative.; Metals require higher confirmation and reduced size.",62.0085,0.0,0.0,UNKNOWN,No_Risk_Brackets,,
2026-06-24 06:26:57,XAUUSD,Buy,61,Blocked_Admission,"Trade admission score 61/85 is too low.; Tick path is choppy, not a clean intraday push.; Recent XAUUSD paper performance is slightly negative.; Metals require higher confirmation and reduced size.; Symbol activity cap active: 2 XAUUSD entries in 60 minutes.",4089.065,0.0,0.0,UNKNOWN,No_Risk_Brackets,,
2026-06-24 06:31:59,GBPUSD,Sell,65,Blocked_Admission,Trade admission score 65/70 is too low.; Momentum is only marginal versus AA's threshold.; Recent GBPUSD paper performance is poor.,1.31927,0.0,0.0,UNKNOWN,No_Risk_Brackets,,
2026-06-24 06:31:59,USDCHF,Buy,72,Blocked_Risk,Planned risk cap active: 250.11 exceeds 250.00.,0.81163,0.80757,0.0,UNKNOWN,No_Risk_Brackets,,
2026-06-24 06:31:59,XAGUSD,Sell,63,Blocked_Admission,"Trade admission score 63/85 is too low.; Tick path is choppy, not a clean intraday push.; Recent XAGUSD paper performance is slightly negative.; Metals require higher confirmation and reduced size.",62.04945,0.0,0.0,UNKNOWN,No_Risk_Brackets,,
2026-06-24 06:31:59,XAUUSD,Sell,91,Blocked_Admission,Symbol activity cap active: 2 XAUUSD entries in 60 minutes.,4086.33,0.0,0.0,UNKNOWN,No_Risk_Brackets,,
2026-06-24 06:42:02,XAUUSD,Buy,81,Blocked_Admission,Trade admission score 81/85 is too low.; Recent XAUUSD paper performance is slightly negative.; Metals require higher confirmation and reduced size.; Symbol activity cap active: 2 XAUUSD entries in 60 minutes.,4093.2,0.0,0.0,UNKNOWN,No_Risk_Brackets,,
2026-06-24 06:47:04,XAUUSD,Buy,81,Blocked_Admission,Trade admission score 81/85 is too low.; Recent XAUUSD paper performance is slightly negative.; Metals require higher confirmation and reduced size.,4094.57,0.0,0.0,UNKNOWN,No_Risk_Brackets,,
2026-06-24 06:52:06,XAGUSD,Sell,63,Blocked_Admission,"Trade admission score 63/85 is too low.; Tick path is choppy, not a clean intraday push.; Recent XAGUSD paper performance is slightly negative.; Metals require higher confirmation and reduced size.",61.8635,0.0,0.0,UNKNOWN,No_Risk_Brackets,,
2026-06-24 06:57:08,XAGUSD,Sell,63,Blocked_Admission,"Trade admission score 63/85 is too low.; Tick path is choppy, not a clean intraday push.; Recent XAGUSD paper performance is slightly negative.; Metals require higher confirmation and reduced size.",61.903000000000006,0.0,0.0,UNKNOWN,No_Risk_Brackets,,
2026-06-24 07:02:09,XAGUSD,Sell,63,Blocked_Admission,"Trade admission score 63/85 is too low.; Tick path is choppy, not a clean intraday push.; Recent XAGUSD paper performance is slightly negative.; Metals require higher confirmation and reduced size.",61.820499999999996,0.0,0.0,UNKNOWN,No_Risk_Brackets,,
2026-06-24 07:02:09,XAUUSD,Sell,51,Blocked_Admission,"Trade admission score 51/85 is too low.; Momentum is only marginal versus AA's threshold.; Tick path is choppy, not a clean intraday push.; Recent XAUUSD paper performance is slightly negative.; Metals require higher confirmation and reduced size.",4088.38,0.0,0.0,UNKNOWN,No_Risk_Brackets,,
2026-06-24 07:07:11,XAGUSD,Sell,63,Blocked_Admission,"Trade admission score 63/85 is too low.; Tick path is choppy, not a clean intraday push.; Recent XAGUSD paper performance is slightly negative.; Metals require higher confirmation and reduced size.",61.8605,0.0,0.0,UNKNOWN,No_Risk_Brackets,,
2026-06-24 07:07:11,XAUUSD,Sell,61,Blocked_Admission,"Trade admission score 61/85 is too low.; Tick path is choppy, not a clean intraday push.; Recent XAUUSD paper performance is slightly negative.; Metals require higher confirmation and reduced size.",4088.915,0.0,0.0,UNKNOWN,No_Risk_Brackets,,
2026-06-24 07:17:14,XAGUSD,Sell,43,Blocked_Admission,"Trade admission score 43/85 is too low.; Momentum is only marginal versus AA's threshold.; Tick path is choppy, not a clean intraday push.; Recent XAGUSD paper performance is slightly negative.; Metals require higher confirmation and reduced size.",61.831500000000005,0.0,0.0,UNKNOWN,No_Risk_Brackets,,
2026-06-24 07:17:14,XAUUSD,Sell,71,Blocked_Admission,Trade admission score 71/85 is too low.; Momentum is only marginal versus AA's threshold.; Recent XAUUSD paper performance is slightly negative.; Metals require higher confirmation and reduced size.,4084.665,0.0,0.0,UNKNOWN,No_Risk_Brackets,,
2026-06-24 07:22:16,XAGUSD,Buy,63,Blocked_Admission,Trade admission score 63/85 is too low.; Momentum is only marginal versus AA's threshold.; Recent XAGUSD paper performance is slightly negative.; Metals require higher confirmation and reduced size.,61.89149999999999,0.0,0.0,UNKNOWN,No_Risk_Brackets,,
2026-06-24 07:27:17,XAGUSD,Sell,53,Blocked_Admission,"Trade admission score 53/85 is too low.; Tick path is choppy, not a clean intraday push.; Recent XAGUSD paper performance is slightly negative.; Metals require higher confirmation and reduced size.",61.7775,0.0,0.0,UNKNOWN,No_Risk_Brackets,,
2026-06-24 07:32:19,XAGUSD,Sell,53,Blocked_Admission,"Trade admission score 53/85 is too low.; Tick path is choppy, not a clean intraday push.; Recent XAGUSD paper performance is slightly negative.; Metals require higher confirmation and reduced size.",61.80645,0.0,0.0,UNKNOWN,No_Risk_Brackets,,
2026-06-24 07:32:19,XAUUSD,Sell,81,Blocked_Admission,Trade admission score 81/85 is too low.; Recent XAUUSD paper performance is slightly negative.; Metals require higher confirmation and reduced size.,4082.255,0.0,0.0,UNKNOWN,No_Risk_Brackets,,
2026-06-24 07:37:21,XAUUSD,Sell,91.0,Admitted,,4076.82,4097.2041,4036.0518,London,Executed_Real,,
2026-06-24 07:37:21,XAGUSD,Sell,55,Blocked_Admission,"Trade admission score 55/85 is too low.; Tick path is choppy, not a clean intraday push.; Spread is acceptable but not strong enough for aggressive entry.; Recent XAGUSD paper performance is slightly negative.; Metals require higher confirmation and reduced size.",61.68825,0.0,0.0,UNKNOWN,No_Risk_Brackets,,
2026-06-24 07:42:23,XAGUSD,Sell,53,Blocked_Admission,"Trade admission score 53/85 is too low.; Tick path is choppy, not a clean intraday push.; Recent XAGUSD paper performance is slightly negative.; Similar currency theme is already active in the book.; Metals require higher confirmation and reduced size.; Metals concentration gate: active metals count 1 at limit 1.",61.769499999999994,0.0,0.0,UNKNOWN,No_Risk_Brackets,,
2026-06-24 07:47:24,XAGUSD,Buy,63,Blocked_Admission,Trade admission score 63/85 is too low.; Recent XAGUSD paper performance is slightly negative.; Similar currency theme is already active in the book.; Metals require higher confirmation and reduced size.; Metals concentration gate: active metals count 1 at limit 1.,61.885000000000005,0.0,0.0,UNKNOWN,No_Risk_Brackets,,
2026-06-24 08:02:29,XAGUSD,Sell,75,Blocked_Admission,Trade admission score 75/85 is too low.; Spread is acceptable but not strong enough for aggressive entry.; Recent XAGUSD paper performance is slightly negative.; Metals require higher confirmation and reduced size.,61.45099999999999,0.0,0.0,UNKNOWN,No_Risk_Brackets,,
2026-06-24 08:07:31,AUDUSD,Sell,37,Blocked_Admission,"Trade admission score 37/70 is too low.; Momentum is only marginal versus AA's threshold.; Tick path is choppy, not a clean intraday push.; Recent AUDUSD paper performance is poor.",0.6899299999999999,0.0,0.0,UNKNOWN,No_Risk_Brackets,,
2026-06-24 08:07:31,XAGUSD,Sell,83,Blocked_Admission,Trade admission score 83/85 is too low.; Recent XAGUSD paper performance is slightly negative.; Metals require higher confirmation and reduced size.,61.593,0.0,0.0,UNKNOWN,No_Risk_Brackets,,
2026-06-24 08:07:31,XAUUSD,Sell,61,Blocked_Admission,"Trade admission score 61/85 is too low.; Tick path is choppy, not a clean intraday push.; Recent XAUUSD paper performance is slightly negative.; Metals require higher confirmation and reduced size.",4077.045,0.0,0.0,UNKNOWN,No_Risk_Brackets,,
2026-06-24 08:12:32,NZDUSD,Sell,39,Blocked_Admission,"Trade admission score 39/70 is too low.; Tick path is choppy, not a clean intraday push.; Spread is acceptable but not strong enough for aggressive entry.; Recent NZDUSD paper performance is poor.",0.5644,0.0,0.0,UNKNOWN,No_Risk_Brackets,,
2026-06-24 08:12:32,XAGUSD,Sell,63,Blocked_Admission,"Trade admission score 63/85 is too low.; Tick path is choppy, not a clean intraday push.; Recent XAGUSD paper performance is slightly negative.; Metals require higher confirmation and reduced size.",61.608999999999995,0.0,0.0,UNKNOWN,No_Risk_Brackets,,
2026-06-24 08:12:32,XAUUSD,Sell,61,Blocked_Admission,"Trade admission score 61/85 is too low.; Tick path is choppy, not a clean intraday push.; Recent XAUUSD paper performance is slightly negative.; Metals require higher confirmation and reduced size.",4074.32,0.0,0.0,UNKNOWN,No_Risk_Brackets,,
2026-06-24 08:17:34,AUDUSD,Sell,57,Blocked_Admission,Trade admission score 57/70 is too low.; Momentum is only marginal versus AA's threshold.; Recent AUDUSD paper performance is poor.,0.68953,0.0,0.0,UNKNOWN,No_Risk_Brackets,,
2026-06-24 08:17:34,NZDUSD,Sell,29,Blocked_Admission,"Trade admission score 29/70 is too low.; Momentum is only marginal versus AA's threshold.; Tick path is choppy, not a clean intraday push.; Spread is acceptable but not strong enough for aggressive entry.; Recent NZDUSD paper performance is poor.",0.5645100000000001,0.0,0.0,UNKNOWN,No_Risk_Brackets,,
2026-06-24 08:17:34,XAGUSD,Sell,53,Blocked_Admission,"Trade admission score 53/85 is too low.; Tick path is choppy, not a clean intraday push.; Recent XAGUSD paper performance is slightly negative.; Metals require higher confirmation and reduced size.",61.551,0.0,0.0,UNKNOWN,No_Risk_Brackets,,
2026-06-24 08:27:38,XAGUSD,Sell,75,Blocked_Admission,Trade admission score 75/85 is too low.; Spread is acceptable but not strong enough for aggressive entry.; Recent XAGUSD paper performance is slightly negative.; Metals require higher confirmation and reduced size.,61.473349999999996,0.0,0.0,UNKNOWN,No_Risk_Brackets,,
2026-06-24 08:32:40,XAUUSD,Buy,91.0,Admitted,,4086.94,4066.5053,4127.8094,London,Executed_Real,,
2026-06-24 08:37:42,XAGUSD,Sell,55,Blocked_Admission,Trade admission score 55/85 is too low.; Spread is acceptable but not strong enough for aggressive entry.; Recent XAGUSD paper performance is slightly negative.; Similar currency theme is already active in the book.; Metals require higher confirmation and reduced size.; Metals concentration gate: active metals count 1 at limit 1.,61.4541,0.0,0.0,UNKNOWN,No_Risk_Brackets,,
2026-06-24 08:42:44,XAGUSD,Sell,55,Blocked_Admission,Trade admission score 55/85 is too low.; Spread is acceptable but not strong enough for aggressive entry.; Recent XAGUSD paper performance is slightly negative.; Similar currency theme is already active in the book.; Metals require higher confirmation and reduced size.; Metals concentration gate: active metals count 1 at limit 1.,61.397850000000005,0.0,0.0,UNKNOWN,No_Risk_Brackets,,
2026-06-24 08:47:46,XAGUSD,Sell,65,Blocked_Admission,Trade admission score 65/85 is too low.; Spread is acceptable but not strong enough for aggressive entry.; Recent XAGUSD paper performance is slightly negative.; Similar currency theme is already active in the book.; Metals require higher confirmation and reduced size.; Metals concentration gate: active metals count 1 at limit 1.,61.2592,0.0,0.0,UNKNOWN,No_Risk_Brackets,,
2026-06-24 08:52:48,XAGUSD,Sell,65,Blocked_Admission,Trade admission score 65/85 is too low.; Spread is acceptable but not strong enough for aggressive entry.; Recent XAGUSD paper performance is slightly negative.; Similar currency theme is already active in the book.; Metals require higher confirmation and reduced size.; Metals concentration gate: active metals count 1 at limit 1.,61.298500000000004,0.0,0.0,UNKNOWN,No_Risk_Brackets,,
2026-06-24 08:57:50,XAGUSD,Sell,35,Blocked_Admission,"Trade admission score 35/85 is too low.; Tick path is choppy, not a clean intraday push.; Spread is acceptable but not strong enough for aggressive entry.; Recent XAGUSD paper performance is slightly negative.; Similar currency theme is already active in the book.; Metals require higher confirmation and reduced size.; Metals concentration gate: active metals count 1 at limit 1.",61.34925,0.0,0.0,UNKNOWN,No_Risk_Brackets,,
2026-06-24 09:02:51,XAGUSD,Sell,45,Blocked_Admission,"Trade admission score 45/85 is too low.; Tick path is choppy, not a clean intraday push.; Spread is acceptable but not strong enough for aggressive entry.; Recent XAGUSD paper performance is slightly negative.; Similar currency theme is already active in the book.; Metals require higher confirmation and reduced size.; Metals concentration gate: active metals count 1 at limit 1.",61.2475,0.0,0.0,UNKNOWN,No_Risk_Brackets,,
2026-06-24 09:07:53,XAGUSD,Sell,45,Blocked_Admission,"Trade admission score 45/85 is too low.; Tick path is choppy, not a clean intraday push.; Spread is acceptable but not strong enough for aggressive entry.; Recent XAGUSD paper performance is slightly negative.; Similar currency theme is already active in the book.; Metals require higher confirmation and reduced size.; Metals concentration gate: active metals count 1 at limit 1.",61.13465,0.0,0.0,UNKNOWN,No_Risk_Brackets,,
2026-06-24 09:12:55,XAGUSD,Sell,25,Blocked_Admission,"Trade admission score 25/85 is too low.; Momentum is only marginal versus AA's threshold.; Tick path is choppy, not a clean intraday push.; Spread is acceptable but not strong enough for aggressive entry.; Recent XAGUSD paper performance is slightly negative.; Similar currency theme is already active in the book.; Metals require higher confirmation and reduced size.; Metals concentration gate: active metals count 1 at limit 1.",61.226,0.0,0.0,UNKNOWN,No_Risk_Brackets,,
2026-06-24 09:17:56,XAGUSD,Sell,25,Blocked_Admission,"Trade admission score 25/85 is too low.; Momentum is only marginal versus AA's threshold.; Tick path is choppy, not a clean intraday push.; Spread is acceptable but not strong enough for aggressive entry.; Recent XAGUSD paper performance is slightly negative.; Similar currency theme is already active in the book.; Metals require higher confirmation and reduced size.; Metals concentration gate: active metals count 1 at limit 1.",61.28255,0.0,0.0,UNKNOWN,No_Risk_Brackets,,
